<?xml version="1.0" encoding="UTF-8"?>
<queries>

    <query name="BULK_INSERT_MASTER_ASSETMASTERENTITY">
        INSERT INTO assetmaster(CmpCode,
                                AssetCode,
                                AssetDescription,
                                AssetValue,
                                UploadFlag,
                                ModDt)
        VALUES (?,
                ?,
                ?,
                ?,
                ?,
                ?)
        ON DUPLICATE KEY UPDATE AssetDescription = VALUES(AssetDescription),
                                AssetValue       = VALUES(AssetValue),
                                UploadFlag       = VALUES(UploadFlag),
                                ModDt            = VALUES(ModDt)
    </query>

    <query name="BULK_INSERT_MASTER_ASSETPOSITIONENTITY">
        INSERT INTO assetposition(CmpCode,
                                  PositionCode,
                                  PositionDescription,
                                  UploadFlag,
                                  ModDt)
        VALUES (?,
                ?,
                ?,
                ?,
                ?)
        ON DUPLICATE KEY UPDATE PositionDescription = VALUES(PositionDescription),
                                UploadFlag          = VALUES(UploadFlag),
                                ModDt               = VALUES(ModDt)
    </query>

    <query name="BULK_INSERT_MASTER_ASSETISSUEHEADERENTITY">
        INSERT INTO assetissueheader(CmpCode,
                                     DistrCode,
                                     AssetRefNo,
                                     SalesmanCode,
                                     CustomerCode,
                                     IssueDate,
                                     Remarks,
                                     UploadFlag,
                                     ModDt)
        VALUES (?,
                ?,
                ?,
                ?,
                ?,
                ?,
                ?,
                ?,
                ?)
        ON DUPLICATE KEY UPDATE Remarks    = VALUES(Remarks),
                                UploadFlag = VALUES(UploadFlag),
                                ModDt      = VALUES(ModDt)
    </query>

    <query name="BULK_INSERT_MASTER_ASSETISSUEDETAILSENTITY">
        INSERT INTO assetissuedetails(CmpCode,
                                      DistrCode,
                                      AssetRefNo,
                                      AssetCode,
                                      IssueQty,
                                      BalIssueQty,
                                      QRCode,
                                      BarCode,
                                      UploadFlag,
                                      ModDt)
        VALUES (?,
                ?,
                ?,
                ?,
                ?,
                ?,
                ?,
                ?,
                ?,
                ?)
        ON DUPLICATE KEY UPDATE IssueQty    = VALUES(IssueQty),
                                BalIssueQty = VALUES(BalIssueQty),
                                QRCode      = VALUES(QRCode),
                                BarCode     = VALUES(BarCode),
                                UploadFlag  = VALUES(UploadFlag),
                                ModDt       = VALUES(ModDt)
    </query>

    <query name="FETCH_ASSET_MASTER_ENTITY">
        SELECT CmpCode,
               AssetCode,
               AssetDescription,
               AssetValue,
               UploadFlag,
               ModDt
        FROM assetmaster
        WHERE CmpCode = :cmpCode
    </query>

    <query name="FETCH_ASSET_POSITION_ENTITY">
        SELECT CmpCode,
               PositionCode,
               PositionDescription,
               UploadFlag,
               ModDt
        FROM assetposition
        WHERE CmpCode = :cmpCode
    </query>

    <query name="FETCH_ASSET_ISSUE_HEADER_ENTITY">
        SELECT CmpCode,
               DistrCode,
               AssetRefNo,
               SalesmanCode,
               CustomerCode,
               IssueDate,
               Remarks
        FROM assetissueheader
        WHERE CmpCode = :cmpCode
          AND DistrCode = :distrCode
          AND SalesmanCode = :distrSalesmanCode
    </query>

    <query name="FETCH_ASSET_ISSUE_DETAILS_ENTITY">
        SELECT ad.CmpCode,
               ad.DistrCode,
               ad.AssetRefNo,
               ad.AssetCode,
               ad.IssueQty,
               ad.BalIssueQty,
               ad.QRCode,
               ad.BarCode
        FROM assetissueheader ah
                 INNER JOIN assetissuedetails ad
                            ON ah.CmpCode = ad.CmpCode
                                AND ah.DistrCode = ad.DistrCode
                                AND ah.AssetRefNo = ad.AssetRefNo
        WHERE ah.CmpCode = :cmpCode
          AND ah.DistrCode = :distrCode
          AND ah.SalesmanCode = :distrSalesmanCode
    </query>

    <query name="INSERT_ASSET_TRACKER_ENTITY">
        INSERT INTO assettracker(CmpCode,
                                 DistrCode,
                                 AssetTrackerRefNo,
                                 SalesmanCode,
                                 CustomerCode,
                                 AssetTrackerDate,
                                 AssetCode,
                                 IssueQty,
                                 BalIssueQty,
                                 CapturedQRCode,
                                 CapturedBarCode,
                                 ValidQRCode,
                                 ValidBarCode,
                                 PositionCode,
                                 Latitude,
                                 Longitude,
                                 StartTime,
                                 EndTime,
                                 Remarks,
                                 UploadFlag,
                                 ModDt)
        VALUES (:cmpCode,
                :distrCode,
                :assetTrackerRefNo,
                :salesmanCode,
                :customerCode,
                :assetTrackerDate,
                :assetCode,
                :issueQty,
                :balIssueQty,
                :capturedQRCode,
                :capturedBarCode,
                :validQRCode,
                :validBarCode,
                :positionCode,
                :latitude,
                :longitude,
                :startTime,
                :endTime,
                :remarks,
                'N',
                NOW())
        ON DUPLICATE KEY UPDATE UploadFlag = VALUES(UploadFlag),
                                ModDt      = VALUES(ModDt)
    </query>

    <query name="INSERT_ASSET_TRACKER_IMAGE_ENTITY">
        INSERT INTO assettrackerimage(CmpCode,
                                      DistrCode,
                                      AssetTrackerRefNo,
                                      ImageId,
                                      ImagePath,
                                      UploadFlag,
                                      ModDt)
        VALUES (:cmpCode,
                :distrCode,
                :assetTrackerRefNo,
                :imageId,
                :imagePath,
                'N',
                NOW())
        ON DUPLICATE KEY UPDATE UploadFlag = VALUES(UploadFlag),
                                ModDt      = VALUES(ModDt)
    </query>
    <query name="INSERT_ASSET_FORM_ENTITY">
        INSERT INTO assetform ( CmpCode,
                                DistrCode,
                                AssetRefNo,
                                FormDesc,
                                FormLabel,
                                FormAnswer,
                                UploadFlag,
                                ModDt)
        VALUES (:cmpCode,
                :distrCode,
                :assetRefNo,
                :formDesc,
                :formLabel,
                :formAnswer,
                'N',
                NOW())
        ON DUPLICATE KEY UPDATE UploadFlag = VALUES(UploadFlag),
                                ModDt      = VALUES(ModDt)
    </query>
</queries>
