<?xml version="1.0" encoding="UTF-8"?>
<queries>
    <!-- SELECT MASTER SCRIPTS-->
    <query name = "FETCH_MASTER_GEOHIERLEVEL">
        SELECT cmpCode,
               geoHierLevelCode,
               geoLevelName
        FROM   geohierlevel
    </query>

    <query name = "FETCH_MASTER_SALESFORCEHIERLEVEL">
        SELECT cmpCode,
               sflevelCode,
               sflevelName
        FROM   salesforcehierlevel
    </query>

    <query name = "FETCH_MASTER_PRODUCTHIERLEVEL">
        SELECT cmpCode,
               prodHierLvlCode,
               prodHierLvlName
        FROM   producthierlevel
    </query>

    <query name = "FETCH_MASTER_GEOHIERVALUE_NAME">
        SELECT cmpCode,
               geoCode,
               geoName
        FROM   geohiervalue
    </query>

    <query name = "FETCH_MASTER_SALESFORCEHIERVALUE_NAME">
        SELECT cmpCode,
               salesForceCode,
               salesForceName
        FROM   salesforcehiervalue
    </query>

    <query name = "FETCH_MASTER_PRODUCTHIERVALUE_NAME">
        SELECT cmpCode,
               prodHierValCode,
               prodHierValName
        FROM   producthiervalue
    </query>

    <query name = "FETCH_MASTER_DISTRIBUTOR_NAME">
        SELECT cmpCode,
               distrCode,
               distrName
        FROM   distributor
    </query>

    <query name = "FETCH_MASTER_SALESMAN_NAME">
        SELECT DISTINCT CmpCode,
               DistrCode,
               DistrSalesmanCode,
               DistrSalesmanName
        FROM   salesman
    </query>

    <query name = "FETCH_MASTER_ROUTE_MASTER_NAME">
        SELECT CmpCode,
               DistrCode,
               RouteCode,
               RouteName
        FROM   routemaster
    </query>

    <query name = "FETCH_MASTER_CUSTOMER_MASTER_NAME">
        SELECT CmpCode,
               DistrCode,
               CustomerCode,
               CustomerName
        FROM   customermaster
    </query>

    <query name = "FETCH_MASTER_LOBMASTER">
        SELECT DISTINCT CmpCode,
               lobCode,
               lobName
        FROM   lobmaster
    </query>

    <query name = "FETCH_MASTER_LPCRANGEMASTER">
        SELECT CONCAT(CmpCode, LpcRange) AS Id,
               CmpCode,
               LpcRange,
               FromRange,
               ToRange
        FROM lpcrangemaster
    </query>

    <query name = "FETCH_MASTER_FOCUSBRANDPRODUCT">
        SELECT CmpCode,
               DistrCode,
               RefNo,
               ProdCode,
               ValidFrom,
               ValidTill,
               Active
        FROM   focusbrandproduct
    </query>

    <query name = "FETCH_MASTER_FOCUSBRANDRETAILERCATEGORY">
        SELECT CmpCode,
               DistrCode,
               RefNo,
               ChannelCode,
               SubChannelCode,
               GroupCode,
               ClassCode
        FROM   focusbrandretailercategory
    </query>

    <query name = "FETCH_MASTER_MUSTSELLPRODUCT">
        SELECT CmpCode,
               DistrCode,
               RefNo,
               ProdCode,
               ValidFrom,
               ValidTill,
               Active
        FROM   mustsellproduct
    </query>

    <query name = "FETCH_MASTER_MUSTSELLRETAILERCATEGORY">
        SELECT CmpCode,
               DistrCode,
               RefNo,
               ChannelCode,
               SubChannelCode,
               GroupCode,
               ClassCode
        FROM   mustsellretailercategory
    </query>

    <query name="FETCH_SFAUSER">
        SELECT CmpCode,
        LoginCode,
        UserType,
        UserGroup,
        UserName,
        Password,
        EmailId,
        MobileNo,
        IsActive,
        AppVersion,
        DmsEnable,
        IsNewPassword,
        DistrCode,
        DistrSalesmanCode,
        SalesHierLevel,
        SalesHierValue
        FROM   sfauser
        WHERE  loginCode in (:loginCode)
    </query>
    
     <query name="FETCH_SALESHIERVALUE_CHILD">
         SELECT  CmpCode              AS cmpCode,
                 SflevelCode          AS sflevelCode,
                 SalesForceCode       AS salesForceCode,
		 SalesForceName       AS salesForceName,
	         ParentCode           AS parentCode,
                 LobCode              AS lobCode,
		 UploadFlag           AS uploadFlag,
                 ModDt                AS modDt
         FROM salesforcehiervalue
         WHERE ParentCode IN (:param1)
    </query>
    <query name="FETCH_FOCUSBRAND">
        SELECT CONCAT (
                frc.CmpCode
                ,'-'
                ,frc.DistrCode
                ,'-'
                ,frc.ChannelCode
                ,'-'
                ,frc.SubChannelCode
                ,'-'
                ,frc.GroupCode
                ,'-'
                ,frc.ClassCode
                ,'-'
                ,fp.ProdCode
                )
        FROM focusbrandretailercategory frc
        INNER JOIN focusbrandproduct fp ON fp.CmpCode = frc.CmpCode
            AND fp.DistrCode = frc.DistrCode
            AND fp.RefNo = frc.RefNo
        WHERE  fp.Active= 'Y' AND NOW() BETWEEN fp.ValidFrom
                AND fp.ValidTill
    </query>
    <query name="FETCH_MUSTSELLPRODUCT">
        SELECT CONCAT (
                        mrc.CmpCode
                        ,'-'
                        ,mrc.DistrCode
                        ,'-'
                        ,mrc.ChannelCode
                        ,'-'
                        ,mrc.SubChannelCode
                        ,'-'
                        ,mrc.GroupCode
                        ,'-'
                        ,mrc.ClassCode
                        ,'-'
                        ,mp.ProdCode
                        )
                FROM mustsellproduct mp
                INNER JOIN mustsellretailercategory mrc ON mp.CmpCode = mrc.CmpCode
                    AND mp.DistrCode = mrc.DistrCode
                    AND mp.RefNo = mrc.RefNo
                WHERE mp.Active= 'Y' AND NOW() BETWEEN mp.ValidFrom
                        AND mp.ValidTill
    </query>
    <query name="UPDATE_FOCUSBRAND">
        UPDATE retailerproductlpc rp
                LEFT JOIN
            focusbrandproduct fp ON fp.CmpCode = rp.CmpCode
                AND fp.DistrCode = rp.DistrCode
                AND rp.ProdCode = fp.ProdCode
                LEFT JOIN
            focusbrandretailercategory frc ON fp.CmpCode = frc.CmpCode
                AND fp.DistrCode = frc.DistrCode
                AND fp.RefNo = frc.RefNo
                AND frc.ChannelCode = rp.ChannelCode
                AND frc.GroupCode = rp.RetlrGroupCode
                AND frc.ClassCode = rp.ClassCode
        SET
            rp.ProdType = 'F'
        WHERE
            fp.Active = 'Y'
                AND NOW() BETWEEN fp.ValidFrom AND fp.ValidTill
                AND rp.cmpCode = ?
    </query>
    <query name="UPDATE_MUSTSELLPRODUCT">
        UPDATE retailerproductlpc rp
                LEFT JOIN
            mustsellproduct mp ON mp.CmpCode = rp.CmpCode
                AND mp.DistrCode = rp.DistrCode
                AND rp.ProdCode = mp.ProdCode
                LEFT JOIN
            mustsellretailercategory mrc ON mp.CmpCode = mrc.CmpCode
                AND mp.DistrCode = mrc.DistrCode
                AND mp.RefNo = mrc.RefNo
                AND mrc.ChannelCode = rp.ChannelCode
                AND mrc.GroupCode = rp.RetlrGroupCode
                AND mrc.ClassCode = rp.ClassCode
        SET
            rp.ProdType = 'M'
        WHERE
            mp.Active = 'Y'
                AND NOW() BETWEEN mp.ValidFrom AND mp.ValidTill
                AND rp.cmpCode = ?
    </query>
    <query name = "FETCH_GEO_HIER_VALUE">
        SELECT  CmpCode,
                GeoHierLevelCode,
                GeoCode,
                GeoName,
                ParentCode
        FROM geohiervalue
    </query>
</queries>
