<?xml version="1.0" encoding="UTF-8"?>
<queries>
    <query name="ACTIVITYANSWER_FIND_BY_ACTIVITYDESC">
        SELECT CONCAT(CmpCode, ActivityDesc, ActivityTypeCode) AS id,
               CmpCode,
               ActivityDesc,
               ActivityTypeCode,
               ActivityType,
               ActivityTypeValue
        FROM   activityanswer
        WHERE  ActivityDesc IN (:param1)
    </query>

    <query name="ACTIVITY_FIND_BY_CMPCODE_AND_ACTIVITYDESC">
        SELECT CONCAT(CmpCode, DistrCode, ActivityDesc, DistrSalesmanCode) AS id,
               CmpCode,
               DistrCode,
               ActivityDesc,
               DistrSalesmanCode,
               DistrSalesmanName,
               CreatedDate,
               StartDt,
               EndDt,
               ActivityStatus,
               PhotoCapture,
               ActivityMandatory,
               IsImageMandatory,
               ActivitySequence,
               ActivityGroupCode
        FROM activity
        WHERE CmpCode = ?
          AND ActivityDesc = ?
    </query>

    <query name="ACTIVITY_FIND_BY_CMPCODE_AND_ACTIVITYDESC_LIKE_AND_ACTIVITYSTATUS">
        SELECT CONCAT(act.CmpCode, act.DistrCode, act.ActivityDesc, act.DistrSalesmanCode) AS id,
               act.CmpCode                                                                 AS cmpCode,
               act.DistrCode                                                               AS distrCode,
               act.ActivityDesc                                                            AS activityDesc,
               act.DistrSalesmanCode                                                       AS distrSalesmanCode,
               act.DistrSalesmanName                                                       AS distrSalesmanName,
               act.CreatedDate                                                             AS createdDate,
               act.StartDt                                                                 AS startDt,
               act.EndDt                                                                   AS endDt,
               act.ActivityStatus                                                          AS activityStatus,
               act.PhotoCapture                                                            AS photoCapture,
               act.ActivityMandatory                                                       AS activityMandatory ,
               act.ActivitySequence                                                        AS activitySequence,
               gs.groupDesc                                                                AS groupDesc,
               act.ActivityGroupCode                                                       AS activityGroupCode
        FROM activity act
        INNER JOIN groupsequence gs
                   ON act.activitySequence = gs.GroupSequence
        WHERE act.cmpCode = ?
          AND act.activityDesc LIKE CONCAT('%', ?, '%')
          AND act.activityStatus = ?
    </query>

    <query name="ACTIVITY_FIND_BY_CMPCODE_AND_ACTIVITYSTATUS">
        SELECT CONCAT(act.CmpCode, act.DistrCode, act.ActivityDesc, act.DistrSalesmanCode) AS id,
               act.CmpCode                                                                 AS cmpCode,
               act.DistrCode                                                               AS distrCode,
               act.ActivityDesc                                                            AS activityDesc,
               act.DistrSalesmanCode                                                       AS distrSalesmanCode,
               act.DistrSalesmanName                                                       AS distrSalesmanName,
               act.CreatedDate                                                             AS createdDate,
               act.StartDt                                                                 AS startDt,
               act.EndDt                                                                   AS endDt,
               act.ActivityStatus                                                          AS activityStatus,
               act.PhotoCapture                                                            AS photoCapture,
               act.ActivityMandatory                                                       AS activityMandatory ,
               act.ActivitySequence                                                        AS activitySequence,
               act.ActivityGroupCode                                                       AS activityGroupCode,
               gs.groupDesc                                                                AS groupDesc
        FROM activity act
        INNER JOIN groupsequence gs
                   ON act.ActivityGroupCode = gs.groupCode
        WHERE act.CmpCode = ?
          AND act.ActivityStatus = ?
    </query>

    <query name="ACTIVITY_FIND_BY_ACTIVITYSTATUS_AND_DISTRCODE_AND_DISTRSALESMANCODE">
        SELECT CONCAT(CmpCode, DistrCode, ActivityDesc, DistrSalesmanCode) AS id,
               CmpCode,
               DistrCode,
               ActivityGroupCode,
               ActivitySequence,
               ActivityDesc,
               DistrSalesmanCode,
               DistrSalesmanName,
               CreatedDate,
               StartDt,
               EndDt,
               ActivityStatus,
               PhotoCapture,
               ActivityMandatory,
               IsImageMandatory
        FROM   activity
        WHERE  ActivityStatus = :activtystatus
               AND DistrCode = :distrCode
               AND DistrSalesmanCode = :distrSalesmanCode
               AND  :curDate between startDt
               AND EndDt
    </query>

    <query name="ACTIVITYRC_FIND_BY_CMPCODE_AND_ACTIVITYDESC">
        SELECT CmpCode,
               ActivityDesc,
               ChannelCode,
               ChannelName,
               SubChannelCode,
               SubChannelName,
               GroupCode,
               GroupName,
               ClassCode,
               ClassName,
               ActivityStatus
        FROM   activityretailercategorymapping
        WHERE  CmpCode = ?
               AND ActivityDesc = ?
    </query>

    <query name="ACTIVITYRC_FIND_BY_CMPCODE_AND_ACTIVITYDESC_LIKE_AND_ACTIVITYSTATUS">
        SELECT CmpCode,
               ActivityDesc,
               ChannelCode,
               ChannelName,
               SubChannelCode,
               SubChannelName,
               GroupCode,
               GroupName,
               ClassCode,
               ClassName,
               ActivityStatus
        FROM   activityretailercategorymapping
        WHERE  CmpCode = ?
               AND ActivityDesc LIKE CONCAT('%', ?, '%')
               AND ActivityStatus = ?
    </query>

    <query name="ACTIVITYRC_FIND_BY_CMPCODE_AND_ACTIVITYSTATUS">
        SELECT CmpCode,
               ActivityDesc,
               ChannelCode,
               ChannelName,
               SubChannelCode,
               SubChannelName,
               GroupCode,
               GroupName,
               ClassCode,
               ClassName,
               ActivityStatus
        FROM   activityretailercategorymapping
        WHERE  CmpCode = ?
               AND ActivityStatus = ?
    </query>

    <query name="ACTIVITYRC_FIND_BY_ACTIVITYSTATUS_AND_ACTIVITYDESC">
        SELECT CmpCode,
               ActivityDesc,
               ChannelCode,
               ChannelName,
               SubChannelCode,
               SubChannelName,
               GroupCode,
               GroupName,
               ClassCode,
               ClassName,
               ActivityStatus
        FROM   activityretailercategorymapping
        WHERE  ActivityStatus = :param1
               AND ActivityDesc IN (:param2)
    </query>

    <query name="BANNERIT_FIND_BY_DISTRCODE_LIKE">
        SELECT CmpCode,
               BannerDesc,
               FileName,
               OriginalFileName,
               Content,
               Type,
               '' AS DistrCode,
               SSMType,
               UserType
        FROM   bannerimagetemplate
        WHERE  DistrCode LIKE CONCAT('%', ?, '%')
    </query>

    <query name="BANNERIT_FIND_BY_BANNERDESC_LIKE">
        SELECT CmpCode,
               BannerDesc,
               FileName,
               OriginalFileName,
               Content,
               Type,
               DistrCode,
               SSMType,
               UserType
        FROM   bannerimagetemplate
        WHERE  BannerDesc LIKE CONCAT('%', ?, '%')
    </query>

    <query name="BANNERIT_FIND_ALL">
        SELECT CmpCode,
               BannerDesc,
               FileName,
               OriginalFileName,
               Content,
               Type,
               DistrCode,
               SSMType,
               UserType
        FROM   bannerimagetemplate
    </query>

    <query name="CUSTOMER_FIND_BY_DISTRCODE">
        SELECT CmpCode,
               DistrCode,
               CustomerCode,
               CustomerName
        FROM   customermaster
        WHERE  DistrCode IN (:param1)
    </query>

    <query name="CUSTOMER_FIND_ACTIVE_COUNT">
        SELECT COUNT(CustomerCode)
        FROM   customer
        WHERE  DistrCode IN (:param1)
               AND isActive = 'Y'
    </query>

    <query name="CUSTOMER_FIND_SUBSTOCKIST">
        SELECT CmpCode,
               DistrCode,
               CustomerCode,
               CustomerName
        FROM   customermaster
        WHERE  RetlrType = ?
               AND isActive = 'Y'
    </query>

    <query name="CUSTOMER_FIND_SUBSTOCKIST_LIST">
        SELECT CmpCode,
               DistrCode,
               CustomerCode,
               CustomerName
        FROM   customermaster
        WHERE  CustomerCode IN (:param1)
        AND RetlrType = :param2
    </query>

    <query name="CUSTOMER_FIND_ALL">
        SELECT CmpCode,
               DistrCode,
               CustomerCode,
               CustomerName,
               CmpCustomerCode,
               DistrCustomerCode,
               isActive,
               CustomerShipCode,
               CustomerShipAddr,
               PinNo,
               Phone,
               ChannelCode,
               SubChannelCode,
               GroupCode,
               ClassCode,
               CreditDays,
               CreditLimit,
               Latitude,
               Longitude,
               PanNo,
               RetailerType,
               GSTTinNo,
               GSTRtrStateCode
        FROM   customermaster
    </query>

    <query name="CUSTOMER_FIND_BY_ID">
        SELECT CmpCode,
               DistrCode,
               CustomerCode,
               CustomerName,
               CmpCustomerCode,
               DistrCustomerCode,
               isActive,
               CustomerShipCode,
               CustomerShipAddr,
               PinNo,
               Phone,
               ChannelCode,
               SubChannelCode,
               GroupCode,
               ClassCode,
               CreditDays,
               CreditLimit,
               Latitude,
               Longitude,
               PanNo,
               RetailerType,
               GSTTinNo,
               GSTRtrStateCode
        FROM   customermaster
        WHERE  CONCAT(CmpCode, DistrCode, CustomerCode) = ?
    </query>

    <query name="CUSTOMER_TAR_FIND_BY_YEAR_AND_MONTH">
        SELECT CmpCode,
               DistrCode,
               CustomerCode,
               Year,
               Month,
               ValTarget,
               VolTarget
        FROM   customertarget
        WHERE  Year = ?
               AND Month = ?
    </query>

    <query name="CUSTOMER_TAR_FIND_BY_YEAR">
        SELECT CmpCode,
               DistrCode,
               CustomerCode,
               Year,
               Month,
               ValTarget,
               VolTarget
        FROM   customertarget
        WHERE  Year = ?
    </query>

    <query name="CUSTOM_KPI_FIND_BY_USER_AND_REPORTDATE">
        SELECT  ckpi.CmpCode,
                ckpi.DistrCode,
                ckpi.SalesmanCode,
                ckpi.ReportDate,
                ckpi.DistrName,
                ckpi.SalesmanName,
                ckpi.KpiName,
                ckpi.Target,
                ckpi.Achievement,
                ckpi.Payout,
                ckpi.SeqNo,
                ckpi.Parent,
                ckpi.ChildAvailable,
                ckpi.ModuleNo,
                ckpi.ScreenNo,
                ckpi.DesignType,
                ckpi.ChartType,
                CASE
                WHEN ckpi.Year  = 0 THEN YEAR(CURDATE())
                ELSE ckpi.Year
                END           									     AS year,
                substring(COALESCE(ckpi.Month, MONTHNAME(CURDATE())),1,3) AS month,
                COALESCE(ckpi.Week, 'W1')           			     AS week,
                COALESCE(ckpi.PeriodTag, 'DEFAULT')	                 AS periodTag
        FROM   customkpiconfiguration ckpi
        WHERE  ckpi.DistrCode = ?
               AND ckpi.SalesmanCode = ?
               AND ckpi.ReportDate = ?
        ORDER BY FIELD(ckpi.kpiName, 'GT','Bills','Packs','Recommended SKU',
        'Orange Store')
    </query>

    <query name="CUSTOM_KPI_FIND_BY_CMPUSER_AND_REPORTDATE">
        SELECT CmpCode,
               DistrCode,
               SalesmanCode,
               ReportDate,
               DistrName,
               SalesmanName,
               KpiName,
               Target,
               Achievement,
               Payout,
               SeqNo,
               Parent,
               ChildAvailable,
               ModuleNo,
               ScreenNo,
               DesignType,
               ChartType,
               CASE
               WHEN Year  = 0 THEN YEAR(CURDATE())
               ELSE Year
               END AS Year,
               substring(COALESCE(Month, MONTHNAME(CURDATE())),1,3) AS Month,
               COALESCE(Week, 'W1') AS Week,
               COALESCE(PeriodTag, 'DEFAULT') AS PeriodTag
               FROM   customkpiconfiguration
                WHERE  SalesmanCode = ?
                AND ReportDate = ?
                ORDER BY FIELD(KpiName, 'GT','Bills','Packs','Recommended SKU',
                'Orange Store')
    </query>

    <query name="DELIVERED_BILLS_LPC_FOR_KPI">
        SELECT CmpCode,
               DistrCode,
               InvoiceNo,
               SalesmanCode,
               RouteCode,
               NoOfLines
        FROM   reportdeliveredbills
        WHERE  DistrCode = ?
               AND SalesmanCode = ?
    </query>

    <query name="DISTRIBUTOR_FIND_BY_DISTRCODE">
        SELECT cmpCode,
               distrCode,
               distrName,
               geoCode,
               geoHierPath,
               distrStatus,
               isDecentralized,
               isActive,
               directChainDistr,
               dayoff,
               distrType
        FROM   distributor
        WHERE  DistrCode IN (:param1)
    </query>

    <query name="DISTRIBUTOR_FIND_ACTIVE_COUNT">
        SELECT COUNT(distrCode)
        FROM   distributor
        WHERE  DistrCode = ?
               AND isActive = 'Y'
    </query>

    <query name="DISTRIBUTOR_FIND_ACTIVE_DISTRCODE">
        SELECT distrCode
        FROM   distributor
        WHERE  isActive = 'Y'
    </query>

    <query name="DISTRIBUTOR_FIND_ALL">
        SELECT cmpCode,
               distrCode,
               distrName,
               geoCode,
               geoHierPath,
               distrStatus,
               isDecentralized,
               isActive,
               directChainDistr,
               dayoff,
               distrType
        FROM   distributor
    </query>

    <query name="DISTRIBUTOR_FIND_BY_ID">
        SELECT cmpCode,
               distrCode,
               distrName,
               geoCode,
               geoHierPath,
               distrStatus,
               isDecentralized,
               isActive,
               directChainDistr,
               dayoff,
               distrType
        FROM   distributor
        WHERE  CONCAT(CmpCode, DistrCode) = ?
    </query>

    <query name="DISTRIBUTOR_SH_FIND_BY_SALES_HIER">
        SELECT cmpCode,
               distrCode,
               salesForceCode,
               lobCode,
               salesHierPath
        FROM   distributorsaleshierarchy
        WHERE  salesHierPath LIKE CONCAT('%/', ?, '/%')
    </query>

    <query name="SALESMAN_FIND_BY_USER">
        SELECT DISTINCT md.MdsrCode,
                        md.distrCode
        FROM mdsrmapping md
        INNER JOIN distributorsaleshierarchy ds
                ON  md.cmpCode=ds.cmpCode
                AND md.distrCode=ds.distrCode
        WHERE ds.salesHierPath LIKE CONCAT('%/', ?, '/%');
    </query>

    <query name="DISTRIBUTOR_SH_FIND_BY_SALES_HIER_NEW">
        SELECT DISTINCT a.cmpCode,
               a.distrCode,
               a.salesForceCode,
               a.lobCode,
               a.salesHierPath
        FROM   distributorsaleshierarchy a INNER JOIN distributor b ON a.cmpCode=b.cmpCode and a.distrCode=b.distrCode
        WHERE  a.salesHierPath LIKE CONCAT('%/', ?, '/%')
        GROUP BY a.cmpCode,
        a.distrCode,
        a.salesForceCode,
        a.salesHierPath
    </query>

    <query name="DISTRIBUTOR_SH_FIND_BY_DISTRCODE">
        SELECT cmpCode,
               distrCode,
               salesForceCode,
               lobCode,
               salesHierPath
        FROM   distributorsaleshierarchy
        WHERE  distrCode IN (:param1)
    </query>

    <query name="DISTRIBUTOR_SH_FIND_BY_DISTRCODE_NEW">
        SELECT cmpCode,
        distrCode,
        salesForceCode,
        lobCode,
        salesHierPath
        FROM   distributorsaleshierarchy
        WHERE  distrCode IN (:param1)
        GROUP BY cmpCode,
        distrCode,
        salesForceCode,
        salesHierPath
    </query>

    <query name="DISTRIBUTOR_SH_FIND_ALL">
        SELECT cmpCode,
               distrCode,
               salesForceCode,
               lobCode,
               salesHierPath
        FROM   distributorsaleshierarchy
    </query>

    <query name="GEOHIERVALUE_FIND_BY_ID">
        SELECT cmpCode,
               geoHierLevelCode,
               geoCode,
               geoName,
               parentCode
        FROM   geohiervalue
        WHERE  CONCAT(cmpCode, geoHierLevelCode, geoCode) = ?
    </query>

    <query name="GEOHIERVALUE_FIND_ALL">
        SELECT cmpCode,
               geoHierLevelCode,
               geoCode,
               geoName,
               parentCode
        FROM   geohiervalue
    </query>

    <query name="PRODUCTHIERVALUE_FIND_BY_ID">
        SELECT cmpCode,
               prodHierLvlCode,
               prodHierValCode,
               prodHierValName,
               parentCode
        FROM   producthiervalue
        WHERE  CONCAT(cmpCode, prodHierLvlCode, prodHierValCode) = ?
    </query>

    <query name="PRODUCTHIERVALUE_FIND_ALL">
        SELECT cmpCode,
               prodHierLvlCode,
               prodHierValCode,
               prodHierValName,
               parentCode
        FROM   producthiervalue
    </query>

    <query name="RETAILER_CHANNEL_FIND_ALL">
        SELECT DISTINCT ChannelCode,
                        ChannelName
        FROM   retailerclass
    </query>

    <query name="ROUTE_FIND_ALL">
        SELECT CmpCode,
               DistrCode,
               RouteCode,
               RouteName,
               ActiveOutlets
        FROM   routemaster
    </query>

    <query name="ROUTE_FIND_BY_ID">
        SELECT CmpCode,
               DistrCode,
               RouteCode,
               RouteName,
               ActiveOutlets
        FROM   routemaster
        WHERE  CONCAT(CmpCode, DistrCode, RouteCode) = ?
    </query>

    <query name="DSRSYNCSUMMARY_FIND_BY_DISTRCODE_AND_COVERAGEDT">
        SELECT CmpCode,
               DistrCode,
               DistrSalesmanCode,
               CoverageDt,
               SyncStatus
        FROM   dsrsyncsummary
        WHERE  DistrCode IN (:param1)
               AND CoverageDt = :param2
    </query>

    <query name="FIREBASEUSER_FIND_ALL">
        SELECT CmpCode,
               FireBaseKey,
               UserCode
        FROM   firebaseuser
    </query>

    <query name="IMAGETEMPLATE_FIND_ALL">
        SELECT CmpCode,
               ProdType,
               ProdCode,
               ProductHierPath,
               FileName,
               OriginalFileName,
               Content,
               Type
        FROM   imagetemplate
    </query>

    <query name="ISRSTOCKISTMAPPING_FIND_BY_ISRCODE">
        SELECT isr.cmpcode               AS cmpCode,
        isr.isrcode               AS isrCode,
        isr.superstockistcode     AS superStockistCode,
        isr.stockistcode          AS stockistCode,
        isr.distrsalesmancode     AS distrSalesmanCode,
        isr.ssmtype               AS ssmType,
        isr.isrname               AS isrName,
        isr.superstockistname     AS superStockistName,
        isr.stockistname          AS stockistName,
        isr.distrsalesmanname     AS distrSalesmanName,
        isr.dmsenable             AS dmsEnable,
        sl.levelcode              AS levelCode,
        sl.levelname              AS levelName,
        Concat(COALESCE(dd.distrbraddr1, ''),COALESCE(dd.distrbraddr2, ''), COALESCE(dd.distrbraddr3, '')) AS distrAddr,
        dd.phone                               AS phoneNo,
        dd.gstinnumber                         AS gstTINNumber,
        dd.latitude                            AS latitude,
        dd.longitude                           AS longitude,
        IF(rt.todaysbeat = 'Y','true','false') AS display,
        rt.plannedRouteCode,
        rt.plannedRouteName,
        IF(dlc.LocationCaptureLimit > c.code,
        dlc.LocationCaptureLimit,
        c.code) AS distLocationUpdateLimit,
        IF(temp.count IS NULL, 0, temp.count) AS distLocationUpdatedCount
        FROM isrstockistmapping isr
        LEFT JOIN distributordetails dd
                  ON dd.cmpcode = isr.cmpcode
                     AND dd.distrcode = isr.stockistcode
        INNER JOIN supplychainmaster sm
                   ON sm.cmpcode=isr.cmpcode
                      AND sm.membercode=isr.stockistcode
        INNER JOIN supplychainlevel sl
                   ON sm.cmpcode=sl.cmpcode
                      AND sm.levelcode=sl.levelcode
        LEFT OUTER JOIN (
        SELECT r.cmpcode,
        r.distrCode,
        r.distrSalesmanCode,
        r.coveragedt AS coveragedt,
        r.todaysbeat,
        r.routeCode as plannedRouteCode,
        r.routeName as plannedRouteName
        FROM route r
        WHERE r.coveragedt = curdate()
          AND r.todaysbeat = 'Y') AS rt
                                     ON rt.cmpcode = isr.cmpcode
                                        AND rt.distrcode = isr.stockistcode
                                        AND isr.distrsalesmancode=rt.distrsalesmancode
        LEFT JOIN
        distrlocationconfiguration dc ON dc.cmpcode = isr.cmpcode
        AND dc.distrcode = isr.stockistcode
        Inner JOIN
        configuration c ON c.cmpcode = isr.cmpcode
        AND c.TableName = 'DistrLocationConfiguration'
        LEFT JOIN
        (SELECT
        cmpcode, distrcode, COUNT(distrcode) AS count
        FROM
        distrlocationupdate
        GROUP BY CmpCode , DistrCode) AS temp ON temp.cmpcode = isr.cmpcode
        AND temp.DistrCode = isr.stockistcode
        LEFT JOIN
        distrlocationconfiguration dlc ON dlc.CmpCode = isr.cmpcode
        AND dlc.DistrCode = isr.stockistcode
        WHERE isr.isrcode = ?
        ORDER BY display DESC
    </query>

    <query name="ISRSTOCKISTMAPPING_FIND_ALL">
        SELECT CmpCode,
               IsrCode,
               SuperStockistCode,
               StockistCode,
               DistrSalesmanCode,
               SSMType,
               IsrName,
               SuperStockistName,
               StockistName,
               DistrSalesmanName,
               DmsEnable
        FROM   isrstockistmapping
    </query>

    <query name="KPICONFIGURATION_FIND_BY_STARTDT_AND_ENDDT">
        SELECT
            CmpCode,
            DistrCode,
            SalesmanCode,
            StartDt,
            EndDt,
            LpcBasedOn,
            DistrName,
            SalesmanName,
            Incentive,
            Tvsa,
            Tvsakpi AS tvsakpiStr,
            Cov,
            Covkpi AS covkpiStr,
            Prod,
            Prodkpi AS prodkpiStr,
            Newret,
            Newretkpi AS newretkpiStr,
            Lpc,
            Lpckpi AS lpckpiStr,
            Bill,
            Billkpi AS billkpiStr,
            Orders,
            Orderskpi AS orderskpiStr,
            GameCode
        FROM   kpiconfiguration
        WHERE  StartDt = ?
        AND EndDt = ?
        AND GameCode = ?
    </query>

    <query name="KPICONFIGURATION_FIND_BY_ID">
        SELECT CmpCode,
               DistrCode,
               SalesmanCode,
               StartDt,
               EndDt,
               LpcBasedOn,
               DistrName,
               SalesmanName,
               Incentive,
               Tvsa,
               Tvsakpi AS tvsakpiStr,
               Cov,
               Covkpi AS covkpiStr,
               Prod,
               Prodkpi AS prodkpiStr,
               Newret,
               Newretkpi AS newretkpiStr,
               Lpc,
               Lpckpi AS lpckpiStr,
               Bill,
               Billkpi AS billkpiStr,
               Orders,
               Orderskpi AS orderskpiStr
        FROM   kpiconfiguration
        WHERE  CmpCode = ?
               AND DistrCode = ?
               AND SalesmanCode = ?
               AND StartDt = ?
               AND EndDt = ?
    </query>

    <query name="KPIMASTER_FIND_ALL">
        SELECT CmpCode,
               KpiCode,
               KpiName,
               ApplicationType
        FROM   kpimaster
    </query>

    <query name="LASTSYNCLOG_FIND_ALL">
        SELECT UserCode AS id,
               CmpCode,
               UserCode,
               Type,
               SyncDt,
               SyncLogDt,
               SyncLogTime,
               Mode,
               ProcessName,
               Latitude,
               Longitude,
               AppVersion,
               UserName,
               UploadFlag,
               ModDt
        FROM   lastsynclog
    </query>

    <query name="NEWLAUNCHSUMMARY_FIND_BY_DATE">
        SELECT CmpCode,
               DistrCode,
               DistrSalesmanCode,
               TodayDt,
               ProdCode,
               ProdName,
               ProdShortName,
               CategoryCode,
               CategoryName,
               BrandCode,
               BrandName,
               UploadFlag,
               ModDt
        FROM   newlaunchsummary
        WHERE  TodayDt = ?
    </query>

    <query name="NOTIFICATION_FIND_BY_UPLOADSTATUS">
        SELECT NotificationId,
                CmpCode,
                UserCode,
                UserType,
                Subject,
                Message,
                CreatedDt,
                Attachment,
                AttachmentPath,
                MessageDetail,
                FileContent,
                FileName,
                MappedCode AS MappedCodeStr,
                Important
            FROM notification
            WHERE UploadStatus = ?
    </query>

    <query name="NOTIFICATION_FIND_BY_ID">
        SELECT NotificationId,
                CmpCode,
                UserCode,
                UserType,
                Subject,
                Message,
                CreatedDt,
                Attachment,
                AttachmentPath,
                MessageDetail,
                FileContent,
                FileName,
                MappedCode AS MappedCodeStr,
                Important
            FROM notification
            WHERE NotificationId = ?
    </query>

    <query name="PLANOGRAM_FIND_BY_ID">
        SELECT CmpCode,
               HierLevelCode,
               HierValueCode,
               StartDt,
               EndDt,
               PlanogramDesc,
               FileName,
               OriginalFileName,
               Content,
               Type,
               DistrCode,
               TemplateStatus,
               UploadFlag,
               ModDt
        FROM   planogram
        WHERE  CmpCode = ?
               AND HierLevelCode = ?
               AND HierValueCode = ?
               AND StartDt = ?
               AND EndDt = ?
    </query>

    <query name="PLANOGRAM_FIND_BY_HIERLEVELCODE_AND_HIERVALUECODE">
        SELECT CmpCode,
               HierLevelCode,
               HierValueCode,
               StartDt,
               EndDt,
               PlanogramDesc,
               FileName,
               OriginalFileName,
               Content,
               Type,
               DistrCode,
               TemplateStatus,
               UploadFlag,
               ModDt
        FROM   planogram
        WHERE  HierLevelCode = ?
               AND HierValueCode = ?
    </query>

    <query name="PLANOGRAM_FIND_BY_ACTIVE">
        SELECT CmpCode,
               HierLevelCode,
               HierValueCode,
               StartDt,
               EndDt,
               PlanogramDesc,
               FileName,
               OriginalFileName,
               Content,
               Type,
               DistrCode,
               TemplateStatus,
               UploadFlag,
               ModDt
        FROM   planogram
        WHERE  ? BETWEEN StartDt AND EndDt
               AND TemplateStatus = ?
               AND DistrCode LIKE CONCAT('%', ?, '%')
    </query>

    <query name="RETAILERDASHBOARD_FIND_BY_DISTRCODE">
        SELECT CmpCode,
               DistrCode,
               TotalMonthCoverage,
               ActualMonthCoverage,
               ActualMonthProductivity
        FROM   retailerdashboard
        WHERE  DistrCode IN (:param1)
    </query>

    <query name="RETAILERDASHBOARD_FIND_BY_DISTRCODE_AND_DSR">
        SELECT CmpCode,
               DistrCode,
               SalesmanCode,
               RouteCode,
               CustomerCode,
               L3MonthSales,
               MTDValTarget,
               MTDVolTarget,
               MTDSales,
               MTDVolume,
               MTDNoOfInvoice,
               L3MAvgSales,
               TotalMonthCoverage,
               ActualMonthCoverage,
               ActualMonthProductivity,
               TotalCRBills,
               TotalCRValue,
               SOV,
               DistrName,
               SalesmanName,
               RouteName,
               CustomerName
        FROM   retailerdashboard
        WHERE  DistrCode = ?
               AND SalesmanCode = ?
    </query>

    <query name="RETAILERPRODUCTLPC_FIND_BY_DISTRCODE_BRANDWISE_CHANNELWISE">
        SELECT CmpCode,
               DistrCode,
               ProdCode,
               ProdType,
               ChannelCode,
               RetlrGroupCode,
               ClassCode,
               NoOfInvoice,
               SalesValue,
               SalesQty
        FROM   retailerproductlpc
        WHERE  DistrCode IN (:param1)
               AND ProdType = 'B'
    </query>

    <query name="SALESFORCEHIERLEVEL_FIND_DOWNLEVEL">
        SELECT CONCAT(cmpCode, sflevelCode) AS id,
               cmpCode,
               sflevelCode,
               sflevelName
        FROM   salesforcehierlevel
        WHERE  sflevelCode &gt; ?
        ORDER  BY sflevelCode ASC
    </query>

    <query name="SALESFORCEHIERLEVEL_FIND_LAST_LEVEL">
        SELECT CONCAT(cmpCode, sflevelCode) AS id,
               cmpCode,
               sflevelCode,
               sflevelName
        FROM   salesforcehierlevel
        ORDER  BY sflevelCode DESC
        LIMIT  1
    </query>

    <query name="SALESFORCEHIERLEVEL_FIND_ALL">
        SELECT CONCAT(cmpCode, sflevelCode) AS id,
               cmpCode,
               sflevelCode,
               sflevelName
        FROM   salesforcehierlevel
        ORDER  BY sflevelCode DESC
    </query>

    <query name="SALESFORCEHIERLEVEL_FINDALL">
        SELECT
        cmpCode,
        sflevelCode,
        sflevelName
        FROM   salesforcehierlevel
        ORDER  BY sflevelCode DESC
    </query>

    <query name="SALESFORCEHIERLEVEL_FIND_BY_ID">
        SELECT CONCAT(cmpCode, sflevelCode) AS id,
               CmpCode,
               sflevelCode,
               sflevelName
        FROM   salesforcehierlevel
        WHERE  CONCAT(CmpCode, sflevelCode) = ?
    </query>

    <query name="SALESFORCEHIERVALUE_FIND_BY_SALESFORCECODE">
        SELECT CONCAT(cmpCode, sflevelCode, salesForceCode, lobCode) AS id,
               cmpCode,
               sflevelCode,
               salesForceCode,
               salesForceName,
               lobCode,
               parentCode
        FROM   salesforcehiervalue
        WHERE  salesForceCode = ?
    </query>

    <query name="SALESFORCEHIERVALUE_FIND_BY_SALESFORCECODE_NEW">
        SELECT CONCAT(temp.cmpCode, temp.sflevelCode, temp.salesForceCode, temp.lobCode) AS id,
        temp.cmpCode,
        temp.sflevelCode,
        temp.salesForceCode,
        temp.salesForceName,
        temp.lobCode,
        temp.parentCode FROM
        (SELECT
        cmpCode,
        sflevelCode,
        salesForceCode,
        salesForceName,
        lobCode,
        parentCode
        FROM   salesforcehiervalue
        WHERE  salesForceCode = ?
        GROUP BY
        cmpCode,
        sflevelCode,
        salesForceCode,
        salesForceName,
        parentCode) as temp
    </query>

    <query name="SALESFORCEHIERVALUE_FIND_DOWNLEVEL">
        SELECT CONCAT(cmpCode, sflevelCode, salesForceCode, lobCode) AS id,
               cmpCode,
               sflevelCode,
               salesForceCode,
               salesForceName,
               lobCode,
               parentCode
        FROM   salesforcehiervalue
        WHERE  sflevelCode &gt; ?
        ORDER  BY sflevelCode ASC
    </query>

    <query name="SALESFORCEHIERVALUE_FIND_DOWNLEVEL_NEW">
        SELECT CONCAT(temp.cmpCode, temp.sflevelCode, temp.salesForceCode, temp.lobCode) AS id,
        temp.cmpCode,
        temp.sflevelCode,
        temp.salesForceCode,
        temp.salesForceName,
        temp.lobCode,
        temp.parentCode FROM
        (SELECT
        cmpCode,
        sflevelCode,
        salesForceCode,
        salesForceName,
        lobCode,
        parentCode
        FROM   salesforcehiervalue
        WHERE  sflevelCode &gt; ?
        GROUP BY
        cmpCode,
        sflevelCode,
        salesForceCode,
        salesForceName,
        parentCode) as temp ORDER  BY temp.sflevelCode ASC
    </query>

    <query name="SALESFORCEHIERVALUE_FIND_BY_ID">
        SELECT CONCAT(cmpCode, sflevelCode, salesForceCode, lobCode) AS id,
               cmpCode,
               sflevelCode,
               salesForceCode,
               salesForceName,
               lobCode,
               parentCode
        FROM   salesforcehiervalue
        WHERE  CONCAT(CmpCode, sflevelCode, salesForceCode) = ?
    </query>

    <query name="SALESFORCEHIERVALUE_FIND_ALL">
        SELECT CONCAT(cmpCode, sflevelCode, salesForceCode, lobCode) AS id,
               cmpCode,
               sflevelCode,
               salesForceCode,
               salesForceName,
               lobCode,
               parentCode
        FROM   salesforcehiervalue
        ORDER  BY sflevelCode ASC
    </query>

    <query name="SALESFORCEHIERVALUE_FIND_ALL_NEW">
        SELECT CONCAT(temp.cmpCode, temp.sflevelCode, temp.salesForceCode, temp.lobCode) AS id,
        temp.cmpCode,
        temp.sflevelCode,
        temp.salesForceCode,
        temp.salesForceName,
        temp.lobCode,
        temp.parentCode
            FROM (SELECT
               cmpCode,
               sflevelCode,
               salesForceCode,
               salesForceName,
               lobCode,
               parentCode
        FROM   salesforcehiervalue
        GROUP BY
        cmpCode,
        sflevelCode,
        salesForceCode,
        salesForceName,
        parentCode
        ORDER  BY sflevelCode ASC) as temp
    </query>

    <query name="SALESMAN_FIND_BY_DISTRCODE_AND_DSR">
        SELECT 		s.CmpCode,
                    s.DistrCode,
                    s.SHLastLevelCode,
                    s.SHLastLevelName,
                    s.LOBCode,
                    s.DistrSalesmanCode,
                    s.DistrSalesmanName,
                    s.Imei,
                    s.PasswordHash,
                    s.GSTDistrStateCode,
                    s.ActiveFlag,
                    s.PdaStatus,
                    s.SSMType,
                    s.UserType,
                    sl.LevelName AS levelName,
                    GROUP_CONCAT(DISTINCT r.routeCode) AS routeCode,
                    GROUP_CONCAT(DISTINCT r.routeName) AS routeName,
                    rsm.SuperStockistCode AS superStockistCode,
                    COALESCE(rsm.SuperStockistName, rsm.SuperStockistCode) AS superStockistName,
                    IF(rsm.SuperStockistCode IS NOT NULL, 'Y', 'N') AS childAvailable
        FROM   salesman s
            LEFT JOIN supplychainmaster sm
                    ON  s.CmpCode   = sm.CmpCode
                    AND s.DistrCode = sm.MemberCode
            LEFT JOIN supplychainlevel sl
                    ON  sm.cmpCode    = sl.cmpCode
                    AND sm.LevelCode = sl.LevelCode
            LEFT JOIN route r
                    ON  s.cmpcode           = r.cmpcode
                    AND s.DistrCode         = r.DistrCOde
                    AND s.DistrSalesmanCode = r.DistrSalesmanCode
                    AND r.TodaysBeat        = 'Y'
                    AND r.CoverageDt        = CURDATE()
            LEFT JOIN rpt_stockiest_mapping rsm
                    ON 	s.cmpCode    = rsm.CmpCode
                    AND	s.DistrCode  = rsm.SubStockistCode
        WHERE   s.DistrCode = ?
            AND s.DistrSalesmanCode = ?
        GROUP BY s.CmpCode,
                 s.DistrCode,
                 s.DistrSalesmanCode
    </query>

    <query name="SALESMAN_FIND_ACTIVE_COUNT">
        SELECT COUNT(DISTINCT CmpCode, DistrCode, DistrSalesmanCode)
        FROM   salesman
        WHERE  DistrCode IN (:param1)
               AND ActiveFlag = 'Y'
    </query>

    <query name = "SALESMAN_FIND_BY_DISTRCODE_DSR">
        SELECT  CmpCode,
                DistrCode,
                SHLastLevelCode,
                SHLastLevelName,
                LOBCode,
                DistrSalesmanCode,
                DistrSalesmanName,
                Imei,
                PasswordHash,
                GSTDistrStateCode,
                ActiveFlag,
                PdaStatus,
                SSMType,
                UserType
        FROM   salesman
        WHERE   DistrCode = ?
            AND DistrSalesmanCode = ?
    </query>

    <query name="SALESMAN_FIND_BY_DISTRCODE">
        SELECT CmpCode,
               DistrCode,
               SHLastLevelCode,
               SHLastLevelName,
               LOBCode,
               DistrSalesmanCode,
               DistrSalesmanName,
               Imei,
               PasswordHash,
               GSTDistrStateCode,
               ActiveFlag,
               PdaStatus,
               SSMType
        FROM   salesman
        WHERE  DistrCode = ?
               AND ActiveFlag ='Y'
    </query>
    
    <query name="SALESMAN_FIND_BY_DISTRCODE_BOTH">
        SELECT CmpCode,
               DistrCode,
               SHLastLevelCode,
               SHLastLevelName,
               LOBCode,
               DistrSalesmanCode,
               DistrSalesmanName,
               Imei,
               PasswordHash,
               GSTDistrStateCode,
               ActiveFlag,
               PdaStatus,
               SSMType
        FROM   salesman
        WHERE  DistrCode = ?
               AND ActiveFlag IN ( 'Y','N' )
    </query>

    <query name="SALESMAN_FIND_BY_DISTRCODE_NAME_LIST">
        SELECT DISTINCT
            sm.CmpCode as CmpCode,
            sm.DistrCode as DistrCode,
            sm.DistrSalesmanCode as DistrSalesmanCode,
            sm.DistrSalesmanName as DistrSalesmanName,
            sm.UserType as UserType,
            sm.SSMType as SSMType,
            d.distrName as distrName
        FROM   salesman sm
        left join distributor d
        on sm.DistrCode=d.DistrCode
        WHERE  d.DistrCode IN (:param1)
    </query>

    <query name="SALESMAN_FIND_ALL">
        SELECT CmpCode,
               DistrCode,
               SHLastLevelCode,
               SHLastLevelName,
               LOBCode,
               DistrSalesmanCode,
               DistrSalesmanName,
               Imei,
               PasswordHash,
               GSTDistrStateCode,
               ActiveFlag,
               PdaStatus,
               SSMType,
               userType
        FROM   salesman
    </query>
    <query name="SALESMAN_TYPE_FIND_ALL">
        SELECT distinct
        SSMType
        FROM   salesman
    </query>

    <query name="SALESMAN_FIND_BY_ID">
        SELECT CmpCode,
               DistrCode,
               SHLastLevelCode,
               SHLastLevelName,
               LOBCode,
               DistrSalesmanCode,
               DistrSalesmanName,
               Imei,
               PasswordHash,
               GSTDistrStateCode,
               ActiveFlag,
               PdaStatus,
               SSMType
        FROM   salesman
        WHERE  CONCAT(CmpCode, DistrCode, SHLastLevelCode, LOBCode, DistrSalesmanCode) = ?
    </query>

    <query name="SCREENACCESS_FIND_BY_GROUPCODE_AND_APPTYPE">
        SELECT CmpCode,
               GroupCode,
               ModuleNo,
               ScreenNo,
               ApplicationType,
               GroupName,
               Checked,
               Sequence,
               MenuSequence
        FROM   screenaccess
        WHERE  CmpCode = ?
               AND GroupCode = ?
               AND ApplicationType = ?
    </query>

    <query name="SCREENACCESS_FIND_ALL">
        SELECT CmpCode,
               GroupCode,
               ModuleNo,
               ScreenNo,
               ApplicationType,
               GroupName,
               Checked,
               Sequence,
               MenuSequence
        FROM   screenaccess
    </query>

    <query name="SCREEN_FIND_ALL">
        SELECT CmpCode,
               ModuleNo,
               ScreenNo,
               ApplicationType,
               ModuleName,
               ScreenName,
               ModuleIcon,
               ScreenIcon,
               RouterLink,
               SubModuleNo,
               SubModuleName
        FROM   screen
    </query>

    <query name="USERACCESSDETAIL_FIND_BY_TOKEN">
        SELECT CmpCode,
               UserCode,
               RemoteAddr,
               Token,
               TokenGenerationTime,
               AuthCode
        FROM   useraccessdetail
        WHERE  Token = ?
    </query>

    <query name="USERDEFINEFORM_FIND_BY_ACTIVESTATUS">
        SELECT CONCAT(CmpCode, FormDesc, Label) AS id,
               CmpCode,
               FormDesc,
               Label,
               ComponentType,
               Options                          AS OptionStr,
               DataLength,
               ActiveStatus,
               IsMandatory
        FROM userdefineform
        WHERE ActiveStatus = ?
    </query>

    <query name="USERDEFINEFORM_FIND_ALL">
        SELECT CmpCode,
               FormDesc,
               Label,
               ComponentType,
               Options AS OptionStr,
               DataLength,
               ActiveStatus,
               IsMandatory
        FROM   userdefineform
    </query>

    <query name="SYNCLOG_FIND_BY_SYNCLOGDT_AND_TYPE">
        SELECT DISTINCT UserCode
        FROM   synclog
        WHERE  SyncLogDt = ?
               AND Type = ?
    </query>

    <query name="SYNCLOG_FIND_BY_SYNCLOGDT">
        SELECT ChangeNo,
               CmpCode,
               UserCode,
               Type,
               SyncDt,
               SyncLogDt,
               SyncLogTime,
               Mode,
               ProcessName,
               Latitude,
               Longitude,
               AppVersion,
               UserName
        FROM   synclog
        WHERE  SyncLogDt BETWEEN ? AND ?
    </query>

    <query name="SYNCLOG_FIND_BY_UPLOADFLAG">
        SELECT ChangeNo,
               CmpCode,
               UserCode,
               Type,
               SyncDt,
               SyncLogDt,
               SyncLogTime,
               Mode,
               ProcessName,
               Latitude,
               Longitude,
               AppVersion,
               UserName
        FROM   synclog
        WHERE  UploadFlag = ?
    </query>

    <query name="SFAUSER_FIND_BY_LOGINCODE">
        SELECT CmpCode,
               LoginCode,
               UserType,
               UserGroup,
               UserName,
               Password,
               EmailId,
               MobileNo,
               IsActive,
               AppVersion,
               DmsEnable,
               IsNewPassword,
               DistrCode,
               DistrSalesmanCode,
               SalesHierLevel,
               SalesHierValue
        FROM   sfauser
        WHERE  LoginCode = ?
    </query>

    <query name="SFAUSER_FIND_BY_USERLIST">
        SELECT CmpCode,
               LoginCode,
               UserType,
               UserGroup,
               UserName,
               Password,
               EmailId,
               MobileNo,
               IsActive,
               AppVersion,
               DmsEnable,
               IsNewPassword,
               DistrCode,
               DistrSalesmanCode,
               SalesHierLevel,
               SalesHierValue
        FROM   sfauser
        WHERE  LoginCode IN (:param1)
    </query>

    <query name="SFAUSER_FIND_BY_LOGINCODE_OR_MOBILENO_AND_ACTIVE">
        SELECT CmpCode,
               LoginCode,
               UserType,
               UserGroup,
               UserName,
               Password,
               EmailId,
               MobileNo,
               IsActive,
               AppVersion,
               DmsEnable,
               IsNewPassword,
               DistrCode,
               DistrSalesmanCode,
               SalesHierLevel,
               SalesHierValue,
               HostName,
               LoggedInTime,
               LoginStatus
        FROM   sfauser
        WHERE  ( LoginCode = ?
                  OR MobileNo = ? )
               AND IsActive = ?
    </query>

    <query name="SFAUSER_FIND_BY_MOBILENO">
        SELECT CmpCode,
               LoginCode,
               UserType,
               UserGroup,
               UserName,
               Password,
               EmailId,
               MobileNo,
               IsActive,
               AppVersion,
               DmsEnable,
               IsNewPassword,
               DistrCode,
               DistrSalesmanCode,
               SalesHierLevel,
               SalesHierValue
        FROM   sfauser
        WHERE  MobileNo = ?
    </query>

    <query name="SFAUSER_FIND_BY_SALESHIERVALUE">
        SELECT CmpCode,
               LoginCode,
               UserType,
               UserGroup,
               UserName,
               Password,
               EmailId,
               MobileNo,
               IsActive,
               AppVersion,
               DmsEnable,
               IsNewPassword,
               DistrCode,
               DistrSalesmanCode,
               SalesHierLevel,
               SalesHierValue
        FROM   sfauser
        WHERE  SalesHierValue IN (:param1)
    </query>

    <query name="SFAUSER_FIND_BY_DISTRCODE">
        SELECT CmpCode,
               LoginCode,
               UserType,
               UserGroup,
               UserName,
               Password,
               EmailId,
               MobileNo,
               IsActive,
               AppVersion,
               DmsEnable,
               IsNewPassword,
               DistrCode,
               DistrSalesmanCode,
               SalesHierLevel,
               SalesHierValue
        FROM   sfauser
        WHERE  DistrCode IN (:param1)
    </query>

    <query name="SFAUSER_FIND_BY_DISTRSALESMANCODE">
        SELECT CmpCode,
               LoginCode,
               UserType,
               UserGroup,
               UserName,
               Password,
               EmailId,
               MobileNo,
               IsActive,
               AppVersion,
               DmsEnable,
               IsNewPassword,
               DistrCode,
               DistrSalesmanCode,
               SalesHierLevel,
               SalesHierValue
        FROM   sfauser
        WHERE  DistrSalesmanCode IN (:param1)
    </query>

    <query name="SFAUSER_FIND_BY_LOGINCODE_OR_MOBILENO">
        SELECT CmpCode,
               LoginCode,
               UserType,
               UserGroup,
               UserName,
               Password,
               EmailId,
               MobileNo,
               IsActive,
               AppVersion,
               DmsEnable,
               IsNewPassword,
               DistrCode,
               DistrSalesmanCode,
               SalesHierLevel,
               SalesHierValue
        FROM   sfauser
        WHERE  ( LoginCode = ?
                  OR MobileNo = ? )
    </query>

    <query name="SFAUSER_FIND_ALL">
        SELECT CmpCode,
               LoginCode,
               UserType,
               UserGroup,
               UserName,
               Password,
               EmailId,
               MobileNo,
               IsActive,
               AppVersion,
               DmsEnable,
               IsNewPassword,
               DistrCode,
               DistrSalesmanCode,
               SalesHierLevel,
               SalesHierValue
        FROM   sfauser
    </query>

    <query name="SFAUSER_FIND_BY_TYPE">
        SELECT CmpCode,
               LoginCode,
               UserType,
               UserGroup,
               UserName,
               Password,
               EmailId,
               MobileNo,
               IsActive,
               AppVersion,
               DmsEnable,
               IsNewPassword,
               DistrCode,
               DistrSalesmanCode,
               SalesHierLevel,
               SalesHierValue
        FROM   sfauser
        WHERE  UserType = ?
    </query>

    <query name="LOBMASTER_FIND_ALL">
        SELECT CmpCode,
               lobCode,
               lobName,
               prodHierLvlCode,
               prodHierValCode
        FROM   lobmaster
    </query>

    <query name="LOBMASTER_FIND_BY_ID">
        SELECT CmpCode,
               lobCode,
               lobName,
               prodHierLvlCode,
               prodHierValCode
        FROM   lobmaster
        WHERE  CONCAT(CmpCode, lobCode, prodHierLvlCode, prodHierValCode) = ?
    </query>
    
    <query name="MDSRMAPPING_FIND_BY_MDSRCODE">
        SELECT CmpCode,
               MdsrCode,
               MdsrName,
               DistrCode,
               DistrName,
               DistrSalesmanCode,
               DistrSalesmanName,
               SSMType
        FROM   mdsrmapping
        WHERE  MdsrCode = ?
    </query>
    
    <query name="MDSRMAPPING_FIND_ALL">
        SELECT CmpCode,
               MdsrCode,
               MdsrName,
               DistrCode,
               DistrName,
               DistrSalesmanCode,
               DistrSalesmanName,
               SSMType
        FROM   mdsrmapping
    </query>
    
    <query name="CMP_ROUTE_CUSTOMERMAPPING_FIND_ALL">
        SELECT cr.CmpCode,   
               cr.CmpRouteCode,
               dr.CmpRouteName,
               cr.CmpCustomerCode,
               cr.CmpCustomerName, 
               cr.DistrCode,
               cr.SalesmanCode, 
               cr.RouteCode, 
               cr.CustomerCode,
               cr.RetlrType
        FROM company_route_customer_mapping cr INNER JOIN distributor_route_mapping dr 
        ON cr.cmpCode=dr.cmpCode AND cr.distrCode=dr.distrCode
        AND cr.CmpRouteCode=dr.CmpRouteCode
        GROUP BY cr.DistrCode,
                 cr.CmpRouteCode
    </query>
    
     <query name="OTCROUTEMAPPING_FIND_BY_USERCODE">
        SELECT CmpCode,
               UserCode,
               UserName,
               DistrCode,
               DistrName,
               CmpRouteCode,
               CmpRouteName
        FROM   otc_route_mapping
        WHERE  UserCode = ?
    </query>
    
    <query name="CUSTOMERMAPPING_FIND_BY_DISTRCODE_AND_CMPROUTE">
        SELECT cr.CmpCode,
               cr.CmpRouteCode,
               cr.CmpCustomerCode,
               cr.CmpCustomerName,
               cr.DistrCode,
               cr.SalesmanCode,
               cr.RouteCode,
               cr.CustomerCode,
               cr.RetlrType,
               sa.GSTDistrStateCode,
               sa.SHLastLevelCode,
               sa.SHLastLevelName,
               sa.LOBCode,
               sa.SSMType
        FROM company_route_customer_mapping cr
                 INNER JOIN salesman sa
                            ON cr.cmpCode = sa.cmpCode
                                AND cr.DistrCode = sa.DistrCode
                                AND cr.SalesmanCode = sa.DistrSalesmanCode
        WHERE cr.DistrCode = ?
          AND cr.CmpRouteCode = ?
    </query>

<query name="OTC_ROUTEMAPPING_FIND_ALL">
        SELECT CmpCode,
               UserCode,
               UserName,
               DistrCode,
               DistrName,
               CmpRouteCode,
               CmpRouteName
        FROM   otc_route_mapping
    </query>

    <query name="MDSR_SUPERSTOCKIST_MAPPING">
        SELECT cm.CmpCode                          AS CmpCode,
               cm.DistrCode                        AS SuperStockiestCode,
               COALESCE(d.DistrName, cm.DistrCode) AS SuperStockiestName,
               cm.CustomerCode                     AS CustomerCode,
               cm.CmpCustomerCode                  AS CmpCustomerCode,
               cm.CustomerName                     AS CustomerName
        FROM customermaster cm
                 LEFT JOIN distributor d
                           ON cm.CmpCode = d.CmpCode
                               AND cm.DistrCode = d.distrCode
        WHERE   CmpCustomerCode = ?
            AND RetlrType = 'SS'
    </query>


    <query name="FIND_USER_TARGETVS_ACHIEVEMENT">
        SELECT cm.CmpCode,
        cm.DistrCode,
        cm.SalesmanCode,
        cm.SalesmanType,
        cm.TransDt,
        cm.Target,
        cm.KpiName,
        cm.Achievement,
        cm.AchievedPerc,
        cm.IsAchieved
        FROM user_target_vs_achievement cm
        WHERE cm.SalesmanCode = :param1
    </query>

    <query name="FIND_GAME_LEVEL_RANKING">
        SELECT cm.CmpCode,
        cm.DistrCode,
        cm.SalesmanCode,
        cm.SalesmanName,
        cm.GameCode,
        cm.GameName,
        cm.CalculatedRank,
        cm.Stars
        FROM GameLevelRanking cm
        WHERE cm.cmpCode=:cmpCode and cm.distrCode in (:distrCode) and cm.SalesmanCode = :distrSalesmanCode and cm.GameCode=:gameCode
        UNION
        SELECT CmpCode,DistrCode,SalesmanCode,SalesmanName,GameCode,GameName,CalculatedRank,Stars from (
        SELECT cm.CmpCode,
        cm.DistrCode,
        cm.SalesmanCode,
        cm.SalesmanName,
        cm.GameCode,
        cm.GameName,
        cm.CalculatedRank,
        cm.Stars
        FROM GameLevelRanking  cm INNER JOIN
        (Select distinct distrcode,salesmancode from GameLevelRanking where cmpCode=:cmpCode and GameCode=:gameCode AND
        CONCAT(distrCode,"~",SalesmanCode) NOT in (SELECT CONCAT(:distrCode ,"~",:distrSalesmanCode))
        ORDER BY CalculatedRank desc LIMIT :limit) as temp1 ON cm.distrcode=temp1.distrcode and
        cm.salesmancode=temp1.salesmancode WHERE cm.cmpCode=:cmpCode and cm.GameCode=:gameCode ) as temp
    </query>
    <query name="FIND_KPI_LEVEL_RANKING">
        SELECT cm.CmpCode,
        cm.DistrCode,
        cm.SalesmanCode,
        cm.SalesmanName,
        cm.GameCode,
        cm.GameName,
        cm.KpiCode,
        cm.KpiName,
        cm.CalculatedRank,
        COALESCE(cm.Stars, 0) AS Stars
        FROM KpiLevelRanking cm
        WHERE cm.cmpCode=:cmpCode and cm.distrCode in (:distrCode) and cm.SalesmanCode = :distrSalesmanCode and cm.GameCode=:gameCode
        UNION
        SELECT CmpCode,DistrCode,SalesmanCode,SalesmanName,GameCode,GameName,KpiCode,KpiName,CalculatedRank,Stars from (
        SELECT cm.CmpCode,
        cm.DistrCode,
        cm.SalesmanCode,
        cm.SalesmanName,
        cm.GameCode,
        cm.GameName,
        cm.KpiCode,
        cm.KpiName,
        cm.CalculatedRank,
        COALESCE(cm.Stars, 0) AS Stars
        FROM KpiLevelRanking cm INNER JOIN
        (Select distinct distrcode,salesmancode from kpilevelranking where cmpCode=:cmpCode and GameCode=:gameCode AND
        CONCAT(distrCode,"~",SalesmanCode) NOT in (SELECT CONCAT(:distrCode ,"~",:distrSalesmanCode))
        ORDER BY CalculatedRank desc LIMIT :limit) as temp1 ON cm.distrcode=temp1.distrcode and
        cm.salesmancode=temp1.salesmancode WHERE cm.cmpCode=:cmpCode and cm.GameCode=:gameCode ) as temp
    </query>

    <query name="FIND_KPI_LEVEL_PAYOUT">
        SELECT cm.CmpCode,
        cm.DistrCode,
        cm.SalesmanCode,
        cm.SalesmanName,
        cm.GameCode,
        cm.GameName,
        cm.KpiCode,
        cm.KpiName,
        cm.incentiveEarned,
        Totalincentive
        FROM KpiLevelPayouts cm
        WHERE cm.cmpCode=:cmpCode and cm.distrCode in (:distrCode) and cm.SalesmanCode = :distrSalesmanCode
    </query>

    <query name="GAMEPRIORITY_FIND_ALL">
        SELECT CmpCode,
        GameCode,
        KpiCode,
        Priority
        FROM  gamepriority
    </query>

    <query name="FIND_GAME_MASTER">
        SELECT cm.CmpCode,
        cm.GameCode,
        cm.GameDesc,
        cm.StartDt,
        cm.EndDt,
        cm.ActiveFlag
        FROM GameMaster cm
        WHERE cm.cmpCode=:cmpCode and :startDt between cm.StartDt and cm.EndDt and cm.ActiveFlag='Y'
    </query>

    <query name="USERACCESSDETAIL_FIND_BY_USER_CODE_TOKEN">
        SELECT CmpCode,
               UserCode,
               RemoteAddr,
               Token,
               TokenGenerationTime,
               AuthCode
        FROM useraccessdetail
        WHERE AuthCode = ?
          AND Token = ?
    </query>

    <query name="CONFIGURATION_FIND_BY_ISR">
        SELECT
        COALESCE(code,'N') as Code
        FROM
        configuration
        WHERE
        tablename = 'ISRVisitTodaysBeatFirst'
        AND cmpcode = ?
    </query>

    <query name="CONFIGURATION_BATTERY_PERCENTAGE">
        SELECT
        COALESCE(code,'0') as Code
        FROM
        configuration
        WHERE
        tablename = 'BatteryPercentage'
        AND cmpcode = ?
    </query>

    <query name="ACTIVITYAM_FIND_BY_CMPCODE_AND_ACTIVITYDESC">
        SELECT CmpCode,
        ActivityDesc,
        AttributeCode,
        AttributeName,
        ActivityStatus,
        UploadFlag,
        ModDt
        FROM activityattributemaster
        WHERE CmpCode = ?
        AND   ActivityDesc = ?
    </query>

    <query name="ACTIVITYAM_FIND_BY_CMPCODE_AND_ACTIVITYDESC_LIKE_AND_ACTIVITYSTATUS">
        SELECT CmpCode,
        ActivityDesc,
        AttributeCode,
        AttributeName,
        ActivityStatus,
        UploadFlag,
        ModDt
        FROM activityattributemaster
        WHERE CmpCode = ?
        AND   ActivityDesc = ?
        AND   ActivityStatus = ?
    </query>

    <query name="ACTIVITYAM_FIND_BY_CMPCODE_AND_ACTIVITYSTATUS">
        SELECT CmpCode,
        ActivityDesc,
        AttributeCode,
        AttributeName,
        ActivityStatus,
        UploadFlag,
        ModDt
        FROM activityattributemaster
        WHERE CmpCode = ?
        AND   ActivityStatus = ?
    </query>
    <query name = "ACTIVITYAM_FIND_BY_ACTIVITYDESC_AND_ACTIVITYSTATUS">
        SELECT  CmpCode,
                ActivityDesc,
                AttributeCode,
                AttributeName,
                ActivityStatus,
                UploadFlag,
                ModDt
        FROM activityattributemaster
        WHERE   ActivityStatus = :param1
            AND ActivityDesc IN (:param2)
    </query>
    <query name="UPDATE_LOGOUT_USER_LOGIN_STATUS">
        UPDATE sfauser
            SET
            LoginStatus = :loginStatus
        WHERE
            LoginCode = :loginCode
    </query>
    <query name="SFAUSER_FIND_BY_ADVID_AND_ACTIVE">
        SELECT
            AdvId,
            DeviceBrand,
            DeviceModel,
            DeviceVersion,
            ApiType,
            AnalytData,
            DecryptJson,
            IntegrityFlag
        FROM
            integrity
        WHERE
            AdvId = ?
    </query>
    <query name="USER_FIND_BY_DEVICE_INFO">
        SELECT
            UserCode,
            AdvId,
            DeviceBrand,
            DeviceModel,
            DeviceVersion,
            LoggedInTime
        FROM
            deviceinformation
        WHERE
            UserCode = ?
    </query>
    <query name="FETCH_AUTHINFORMATION">
        SELECT
            AdvId,
            AuthTokenId
        FROM
            authinformation
        WHERE
            AdvId = ?
    </query>
</queries>
