<?xml version="1.0" encoding="UTF-8"?>
<queries>
    <query name="INSERT_COMPANY_USER_LEAVE">
       INSERT INTO CompanyUserLeave (CmpCode,
                                     UserCode,
                                     MappedCode,
                                     LeaveRefNo,
                                     LeaveType,
                                     FromDate,
                                     ToDate,
                                     NoOfDays,
                                     Reason,
                                     AttachmentPath,
                                     LeaveStatus,
                                     UploadFlag,
                                     ModDt)
        VALUES (:cmpCode,
                :userCode,
                :mappedCode,
                :leaveRefNo,
                :leaveType,
                :fromDate,
                :toDate,
                :noOfDays,
                :reason,
                :attachmentPath,
                :leaveStatus,
                'N',
                NOW())
        ON DUPLICATE KEY UPDATE UploadFlag  = VALUES(UploadFlag),
                                ModDt       = VALUES(ModDt),
                                LeaveStatus = VALUES(LeaveStatus)
    </query>
    <query name="INSERT_SALESMAN_USER_LEAVE">
    INSERT INTO salesmanleave (CmpCode,
                               DistrCode,
                               SalesmanCode,
                               LeaveRefNo,
                               LeaveType,
                               FromDate,
                               ToDate,
                               NoOfDays,
                               Reason,
                               AttachmentPath,
                               LeaveStatus,
                               UploadFlag,
                               ModDt)
    VALUES (:cmpCode,
            :distrCode,
            :salesmanCode,
            :leaveRefNo,
            :leaveType,
            :fromDate,
            :toDate,
            :noOfDays,
            :reason,
            :attachmentPath,
            :leaveStatus,
            'N',
            NOW())
    ON DUPLICATE KEY UPDATE UploadFlag  = VALUES(UploadFlag),
                            ModDt       = VALUES(ModDt),
                            LeaveStatus = VALUES(LeaveStatus)
    </query>
    <query name="FETCH_COMPANY_USER_LEAVE_APPROVAL">
        SELECT cl.UserCode           AS userCode,
               s.UserName            AS userName,
               cl.LeaveRefNo         AS leaveRefNo,
               cl.LeaveType          AS leaveTypeCode,
               lr.ReasonName         AS leaveTypeName,
               cl.FromDate           AS fromDate,
               cl.ToDate             AS toDate,
               cl.NoOfDays           AS noOfDays,
               cl.Reason             AS reason,
               cl.AttachmentPath     AS attachmentPath,
               cla.RequestDate       AS requestDate
        FROM companyuserleave cl
        INNER JOIN companyuserleaveapproval cla
                ON cl.CmpCode = cla.CmpCode
                   AND cl.UserCode = cla.UserCode
                   AND cl.LeaveRefNo = cla.LeaveRefNo
                   AND cl.LeaveStatus = cla.ApprovalStatus
        INNER JOIN sfauser s
                ON cl.CmpCode = s.CmpCode
                   AND cla.CmpCode = s.CmpCode
                   AND cl.UserCode = s.LoginCode
                   AND cla.UserCode = s.LoginCode
        INNER JOIN leavereason lr
                ON cl.CmpCode = lr.CmpCode
                   AND cla.CmpCode = lr.CmpCode
                   AND s.CmpCode = lr.CmpCode
                   AND cl.LeaveType = lr.ReasonCode
        WHERE cl.CmpCode = :cmpCode
          AND cla.ManagerId = :UserCode
          AND cla.ApprovalStatus = 'P'
        ORDER BY cla.RequestDate DESC
    </query>
    <query name="FETCH_SALESMAN_LEAVE_APPROVAL">
        SELECT sl.DistrCode        AS distrCode,
               sl.salesmanCode     AS salesmanCode,
               s.DistrSalesmanName AS salesmanName,
               sl.LeaveRefNo       AS leaveRefNo,
               sl.LeaveType        AS leaveTypeCode,
               lr.ReasonName       AS leaveTypeName,
               sl.FromDate         AS fromDate,
               sl.ToDate           AS toDate,
               sl.NoOfDays         AS noOfDays,
               sl.Reason           AS reason,
               sl.AttachmentPath   AS attachmentPath,
               sla.RequestDate     AS requestDate
        FROM salesmanleave sl
        INNER JOIN salesmanleaveapproval sla
                ON sl.CmpCode = sla.CmpCode
                   AND sl.DistrCode = sla.DistrCode
                   AND sl.LeaveRefNo = sla.LeaveRefNo
                   AND sl.salesmanCode = sla.SalesmanCode
                   AND sl.LeaveStatus = sla.ApprovalStatus
        INNER JOIN salesman s
                ON sl.CmpCode = s.CmpCode
                   AND sla.CmpCode = s.CmpCode
                   AND sl.DistrCode = s.DistrCode
                   AND sla.DistrCode = s.DistrCode
                   AND sl.SalesmanCode = s.DistrSalesmanCode
                   AND sla.SalesmanCode = s.DistrSalesmanCode
        INNER JOIN leavereason lr
                ON sl.CmpCode = lr.CmpCode
                   AND sla.CmpCode = lr.CmpCode
                   AND s.CmpCode = lr.CmpCode
                   AND sl.LeaveType = lr.ReasonCode
        WHERE sl.CmpCode = :cmpCode
          AND sla.ManagerId = :UserCode
          AND sla.ApprovalStatus = 'P'
        ORDER BY sla.RequestDate DESC
    </query>
    <query name="INSERT_CMP_LEAVE_APPROVAL">
        INSERT INTO companyuserleaveapproval (CmpCode,
                                              UserCode,
                                              LeaveRefNo,
                                              RequestDate,
                                              ManagerId,
                                              ManagerName,
                                              ApprovalStatus,
                                              ApprovalDate,
                                              UploadFlag,
                                              ModDt)
        VALUES (:cmpCode,
                :userCode,
                :leaveRefNo,
                :requestDate,
                :managerId,
                :managerName,
                :approvalStatus,
                :approvalDate,
                'N',
                NOW())
        ON DUPLICATE KEY UPDATE UploadFlag    = VALUES(UploadFlag),
                                ModDt         = VALUES(ModDt),
                                ApprovalStatus = VALUES(ApprovalStatus),
                                ApprovalDate  = VALUES(ApprovalDate)
    </query>
    <query name="INSERT_SALESMAN_LEAVE_APPROVAL">
        INSERT INTO salesmanleaveapproval (CmpCode,
                                           DistrCode,
                                           salesmanCode,
                                           LeaveRefNo,
                                           RequestDate,
                                           ManagerId,
                                           ManagerName,
                                           ApprovalStatus,
                                           ApprovalDate,
                                           UploadFlag,
                                           ModDt)
        VALUES (:cmpCode,
                :distrCode,
                :salesmanCode,
                :leaveRefNo,
                :requestDate,
                :managerId,
                :managerName,
                :approvalStatus,
                :approvalDate,
                'N',
                NOW())
        ON DUPLICATE KEY UPDATE UploadFlag    = VALUES(UploadFlag),
                                ModDt         = VALUES(ModDt),
                                ApprovalStatus = VALUES(ApprovalStatus),
                                ApprovalDate  = VALUES(ApprovalDate)

    </query>
    <query name="FETCH_COMPANY_USER_LEAVE_FOR_AUTO_APPROVAL">
        SELECT cul.CmpCode     AS CmpCode,
               cul.UserCode    AS UserCode,
               cul.LeaveRefNo  AS LeaveRefNo,
               NOW()           AS RequestDate,
               sfa.LoginCode   AS ManagerId,
               sfa.UserName    AS ManagerName,
               'P'             AS ApprovalStatus,
                NULL           AS ApprovalDate,
                cula.ManagerId AS RequestManagerId
        FROM companyuserleave cul
        INNER JOIN companyuserleaveapproval cula
            ON cul.CmpCode = cula.CmpCode
                AND cul.UserCode = cula.UserCode
                AND cul.LeaveRefNo = cula.LeaveRefNo
        INNER JOIN sfauser su
            ON cula.CmpCode = su.CmpCode
                AND cula.ManagerId = su.LoginCode
        INNER JOIN salesforcehiervalue sfhv
            ON su.CmpCode = sfhv.CmpCode
                AND su.salesHierValue = sfhv.salesForceCode
        INNER JOIN salesforcehiervalue sfhv1
            ON sfhv.CmpCode = sfhv1.CmpCode
                AND sfhv.parentCode = sfhv1.salesForceCode
        INNER JOIN sfauser sfa
            ON sfhv1.CmpCode = sfa.CmpCode
                AND  sfhv1.salesForceCode = sfa.SalesHierValue
        WHERE cul.LeaveStatus = 'P'
            AND cula.ApprovalStatus = 'P'
            AND cula.RequestDate &lt;= NOW() - INTERVAL 2 DAY
    </query>
    <query name="UPDATE_COMPANY_USER_LEAVE_FOR_AUTO_APPROVAL">
        UPDATE companyuserleaveapproval cula
        SET cula.ApprovalStatus = 'S',
            cula.ApprovalDate   = NOW(),
            cula.UploadFlag     = 'N',
            cula.ModDt          = NOW()
        WHERE cula.CmpCode = :cmpCode
          AND cula.UserCode = :userCode
          AND cula.LeaveRefNo = :leaveRefNo
          AND cula.ManagerId = :requestManagerId
          AND cula.ApprovalStatus = 'P'
    </query>
    <query name="UPDATE_COMPANY_USER_LEAVE_FOR_AUTO_APPROVAL_LAST_LEVEL">
        UPDATE companyuserleave cul
            INNER JOIN companyuserleaveapproval cula
            ON cul.CmpCode = cula.CmpCode
                AND cul.UserCode = cula.UserCode
                AND cul.LeaveRefNo = cula.LeaveRefNo
            INNER JOIN sfauser su
            ON cula.CmpCode = su.CmpCode
                AND cula.ManagerId = su.LoginCode
            INNER JOIN salesforcehiervalue sfhv
            ON su.CmpCode = sfhv.CmpCode
                AND su.SalesHierValue = sfhv.salesForceCode
                AND (sfhv.ParentCode IS NULL
                    OR sfhv.ParentCode = '')
        SET cula.ApprovalStatus = 'S',
            cula.ApprovalDate   = NOW(),
            cula.UploadFlag     = 'N',
            cula.ModDt          = NOW(),
            cul.LeaveStatus     = 'A',
            cul.ModDt           = NOW()
        WHERE cul.LeaveStatus = 'P'
          AND cula.ApprovalStatus = 'P'
          AND cula.RequestDate &lt;= NOW() - INTERVAL 2 DAY
    </query>
    <query name="FETCH_SALESMAN_LEAVE_FOR_AUTO_APPROVAL">
        SELECT sl.CmpCode      AS CmpCode,
               sl.DistrCode    AS DistrCode,
               sl.SalesmanCode AS SalesmanCode,
               sl.LeaveRefNo   AS LeaveRefNo,
               NOW()           AS RequestDate,
               sfa.LoginCode   AS ManagerId,
               sfa.UserName    AS ManagerName,
               'P'             AS ApprovalStatus,
               NULL            AS ApprovalDate,
               sla.ManagerId   AS RequestManagerId
        FROM salesmanleave sl
        INNER JOIN salesmanleaveapproval sla
            ON sl.CmpCode = sla.CmpCode
                AND sl.DistrCode = sla.DistrCode
                AND sl.SalesmanCode =  sla.SalesmanCode
                AND sl.LeaveRefNo = sla.LeaveRefNo
        INNER JOIN sfauser su
            ON sla.CmpCode = su.CmpCode
                AND sla.ManagerId = su.LoginCode
        INNER JOIN salesforcehiervalue sfhv
            ON sla.CmpCode = sfhv.CmpCode
                AND su.CmpCode = sfhv.CmpCode
                AND su.salesHierValue = sfhv.salesForceCode
        INNER JOIN salesforcehiervalue sfhv1
            ON sfhv.CmpCode = sfhv1.CmpCode
                AND sfhv.parentCode = sfhv1.salesForceCode
        INNER JOIN sfauser sfa
            ON sfhv1.CmpCode = sfa.CmpCode
                AND  sfhv1.salesForceCode = sfa.SalesHierValue
        WHERE sl.LeaveStatus = 'P'
            AND sla.ApprovalStatus = 'P'
            AND sla.RequestDate &lt;= NOW() - INTERVAL 2 DAY
    </query>
    <query name="UPDATE_SALESMAN_LEAVE_FOR_AUTO_APPROVAL" >
        UPDATE salesmanleaveapproval sla
        SET sla.ApprovalStatus = 'S',
            sla.ApprovalDate   = NOW(),
            sla.UploadFlag     = 'N',
            sla.ModDt          = NOW()
        WHERE sla.CmpCode = :cmpCode
          AND sla.DistrCode = :distrCode
          AND sla.SalesmanCode = :salesmanCode
          AND sla.LeaveRefNo = :leaveRefNo
          AND sla.ManagerId = :requestManagerId
          AND sla.ApprovalStatus = 'P'

    </query>
    <query name="UPDATE_SALESMAN_LEAVE_FOR_AUTO_APPROVAL_LAST_LEVEL" >
        UPDATE salesmanleave sl
        INNER JOIN salesmanleaveapproval sla
                ON sl.CmpCode = sla.CmpCode
                   AND sl.DistrCode = sla.DistrCode
                   AND sl.SalesmanCode = sla.SalesmanCode
                   AND sl.LeaveRefNo = sla.LeaveRefNo
        INNER JOIN sfauser su
            ON sla.CmpCode = su.CmpCode
                AND sla.ManagerId = su.LoginCode
        INNER JOIN salesforcehiervalue sfhv
            ON su.CmpCode = sfhv.CmpCode
                AND su.SalesHierValue = sfhv.salesForceCode
                AND (sfhv.ParentCode IS NULL
                    OR sfhv.ParentCode = '')
        SET sla.ApprovalStatus = 'S',
            sla.ApprovalDate   = NOW(),
            sla.UploadFlag     = 'N',
            sla.ModDt          = NOW(),
            sl.LeaveStatus     = 'A',
            sl.ModDt           = NOW()
        WHERE sl.LeaveStatus = 'P'
          AND sla.ApprovalStatus = 'P'
          AND sla.RequestDate &lt;= NOW() - INTERVAL 2 DAY
    </query>
    <query name="CHECK_COMPANY_USER_LEAVE_DATE">
        SELECT fromDate, ToDate FROM companyuserleave
        WHERE cmpCode = :cmpCode
        AND userCode = :UserCode
        AND leaveStatus IN('P','A')
        AND :startDt BETWEEN fromDate AND ToDate
        UNION
        SELECT fromDate, ToDate FROM companyuserleave
        WHERE cmpCode = :cmpCode
        AND userCode = :UserCode
        AND leaveStatus IN('P','A')
        AND :endDt BETWEEN fromDate AND ToDate
    </query>
    <query name="CHECK_SALESMAN_LEAVE_DATE">
        SELECT fromDate, ToDate FROM salesmanleave
        WHERE cmpCode = :cmpCode
        AND distrCode = :distrCode
        AND salesmanCode = :salesmanCode
        AND leaveStatus IN('P','A')
        AND :startDt BETWEEN fromDate AND ToDate
        UNION
        SELECT fromDate, ToDate FROM salesmanleave
        WHERE cmpCode = :cmpCode
        AND distrCode = :distrCode
        AND salesmanCode = :salesmanCode
        AND leaveStatus IN('P','A')
        AND :endDt BETWEEN fromDate AND ToDate
    </query>
    <query name="UPDATE_CMP_LEAVE_APPROVAL">
        UPDATE companyuserleaveapproval cula
        SET cula.ApprovalStatus = :approvalStatus,
        cula.ApprovalDate   = NOW(),
        cula.UploadFlag     = 'N',
        cula.ModDt          = NOW()
        WHERE cula.CmpCode = :cmpCode
        AND cula.UserCode = :userCode
        AND cula.LeaveRefNo = :leaveRefNo
        AND cula.ApprovalStatus = 'P'
    </query>
    <query name="UPDATE_SALESMAN_LEAVE_APPROVAL">
        UPDATE salesmanleaveapproval sla
        SET sla.ApprovalStatus = :approvalStatus,
        sla.ApprovalDate   = NOW(),
        sla.UploadFlag     = 'N',
        sla.ModDt          = NOW()
        WHERE sla.CmpCode = :cmpCode
        AND sla.distrCode = :distrCode
        AND sla.salesmanCode = :salesmanCode
        AND sla.LeaveRefNo = :leaveRefNo
        AND sla.ApprovalStatus = 'P'
    </query>
    <query name="FETCH_COMPANY_USER_LEAVE_FOR_AUTO_APPROVAL_LAST_LEVEL">
        SELECT distinct(cula.LeaveRefNo), cula.userCode
        FROM companyuserleave cul
        INNER JOIN companyuserleaveapproval cula
            ON cul.CmpCode = cula.CmpCode
                AND cul.UserCode = cula.UserCode
                AND cul.LeaveRefNo = cula.LeaveRefNo
        INNER JOIN sfauser su
            ON cula.CmpCode = su.CmpCode
                AND cula.ManagerId = su.LoginCode
        INNER JOIN salesforcehiervalue sfhv
            ON su.CmpCode = sfhv.CmpCode
                AND su.SalesHierValue = sfhv.salesForceCode
                AND (sfhv.ParentCode IS NULL
                    OR sfhv.ParentCode = '')
        WHERE cul.LeaveStatus = 'P'
            AND cula.ApprovalStatus = 'P'
            AND cula.RequestDate &lt;= NOW() - INTERVAL 2 DAY
    </query>
    <query name="FETCH_SALESMAN_LEAVE_FOR_AUTO_APPROVAL_LAST_LEVEL">
        select distinct(sla.LeaveRefNo), sla.DistrCode, sla.salesmanCode
        FROM salesmanleave sl
        INNER JOIN salesmanleaveapproval sla
            ON sl.CmpCode = sla.CmpCode
                AND sl.DistrCode = sla.DistrCode
                AND sl.SalesmanCode = sla.SalesmanCode
                AND sl.LeaveRefNo = sla.LeaveRefNo
        INNER JOIN sfauser su
            ON sla.CmpCode = su.CmpCode
                AND sla.ManagerId = su.LoginCode
        INNER JOIN salesforcehiervalue sfhv
            ON su.CmpCode = sfhv.CmpCode
                AND su.SalesHierValue = sfhv.salesForceCode
                AND (sfhv.ParentCode IS NULL
                    OR sfhv.ParentCode = '')
        WHERE sl.LeaveStatus = 'P'
            AND sla.ApprovalStatus = 'P'
            AND sla.RequestDate &lt;= NOW() - INTERVAL 2 DAY
    </query>
</queries>

