<?xml version="1.0" encoding="UTF-8"?>
<queries>
    <query name="FETCH_COMPANY_USER_MARKET_VISIT_TRACKER">
          SELECT cm.CmpCode           AS cmpCode,
          cm.UserCode                 AS userCode,
          cm.UserName                 AS userName,
          cm.DistrCode                AS distrCode,
          cm.DistrSalesmanCode        AS distrSalesmanCode,
          cm.MarketVisitDt            AS marketVisitDt,
          cm.MarketVisitTime          AS marketVisitTime,
        COALESCE(cm.OrderVisit, '')   AS orderVisit,
        COALESCE(cm.RouteCode, '')    AS routeCode,
        COALESCE(rm.RouteName, '')    AS routeName,
        COALESCE(cm.CustomerCode, '') AS customerCode,
        COALESCE(c.CustomerName, '')  AS customerName,
        COALESCE(cm.Latitude, '')     AS latitude,
        COALESCE(cm.Longitude, '')    AS longitude,
          cm.DistanceCovered          AS distanceCovered,
          cm.SHLevelCode              AS shLevelCode,
          cm.SHValueCode              AS shValueCode,
          cm.IsPlanned                AS isPlanned
        FROM companyusermarketvisit cm
        LEFT JOIN routemaster rm
           ON cm.CmpCode=rm.CmpCode
           AND cm.RouteCode=rm.RouteCode
           AND  cm.DistrCode=rm.DistrCode
        LEFT JOIN customermaster c
           ON cm.CmpCode=c.CmpCode
           AND cm.CustomerCode=c.CustomerCode
           AND cm.DistrCode=c.DistrCode
        WHERE cm.CmpCode = :cmpCode
           AND cm.SHValueCode = :salesForceCode
           AND cm.marketVisitDt = :visitDt
           ORDER BY cm.MarketVisitTime ASC
    </query>

    <query name="FETCH_DSR_MARKET_VISIT_TRACKER">
            SELECT CmpCode              AS cmpCode,
               LoginCode            AS loginCode,
               UserType             AS userType,
               UserName             AS userName,
               VisitDt              AS visitDt,
               VisitTime            AS visitTime,
               DistrCode            AS distrCode,
               DistrSalesmanCode    AS distrSalesmanCode,
               DistanceCovered      AS distanceCovered ,
               SalesHierLevel       AS salesHierLevel,
               salesHierValue       AS salesHierValue,
               VisitType            AS visitType,
               Latitude             AS latitude,
               Longitude            AS longitude
        FROM marketvisittracker
        WHERE CmpCode=:cmpCode
           AND DistrCode=:distrCode
           AND DistrSalesmanCode= :distrSalesmanCode
           AND VisitDt=:visitDt
        ORDER BY VisitTime ASC

    </query>
    <query name="FETCH_VAN_OUTLET_DETAIL">
        SELECT
        od.DistrCode AS distrCode,
        od.DistrSalesmanCode AS salesmanCode,
        sh.DistrSalesmanName AS salesmanName,
        DATE_FORMAT(od.TransDate, '%Y-%m-%d') AS transDate,
        od.RetailerCode AS retailerCode,
        od.RetailerName AS retailerName,
        od.SalesValue AS salesValue,
        od.ReturnSaleableQty AS returnSaleableQty,
        od.ReturnUnSaleableQty AS returnUnSaleableQty,
        od.NoOfLines AS noOfLines,
        od.CollectionAmt AS collectionAmt
        FROM
        rpt_van_sales_summary_header sh
        LEFT JOIN
        rpt_van_sales_outlet_details od ON sh.CmpCode = od.CmpCode
        AND sh.DistrCode = od.DistrCode
        AND sh.DistrSalesmanCode = od.DistrSalesmanCode
        AND sh.TransDate = od.TransDate
        WHERE
        sh.CmpCode = :param1
        AND sh.DistrCode = :param2
        AND sh.DistrSalesmanCode = :param3
        AND sh.TransDate = :param4
    </query>
    <query name="FETCH_VAN_SUMMARY_HEADER">
        SELECT distinct
        DATE_FORMAT(sh.TransDate, '%Y-%m-%d') AS transDate,
        sh.NoOfBilledOutlets AS noOfBilledOutlets,
        sh.CollectionAmt AS collectionAmt,
        sh.SkuCount AS skuCount,
        sh.invoiceCount AS invoiceCount
        FROM
        rpt_van_sales_summary_header sh
        LEFT JOIN
        rpt_van_sales_product_details pd
        ON sh.CmpCode = pd.CmpCode
        AND sh.DistrCode = pd.DistrCode
        AND sh.DistrSalesmanCode = pd.DistrSalesmanCode
        AND sh.TransDate = pd.TransDate
        WHERE
        sh.CmpCode = :param1
        AND sh.DistrCode = :param2
        AND sh.DistrSalesmanCode = :param3
        AND sh.TransDate = :param4
    </query>
</queries>
