<?xml version="1.0" encoding="UTF-8"?>
<queries>
    <!-- PORTAL REPORT SCRIPTS-->
    <query name="FETCH_CONFIRMEDOUTLETS">
        SELECT COALESCE(COUNT(tc.CustomerCode), 0)
        FROM   tempcustomer tc
        WHERE  tc.CmpCode = :param1
               AND tc.DistrCode IN (:param2)
               AND tc.CreatedDt BETWEEN :param3 AND :param4
    </query>

    <query name="FETCH_PURCHASEINVOICE_QTY_AND_VALUE">
        SELECT COALESCE(SUM(pi.receivedQty), 0)         AS purchaseQty,
               COALESCE(SUM(pi.totalLineLevelValue), 0) AS primaryValue
        FROM   purchaseinvoice pi
        WHERE  grnStatus = 'Y'
               AND pi.CmpCode = ?
               AND pi.DistrCode IN (?)
               AND pi.GrnDt BETWEEN ? AND ?
    </query>

    <query name="FETCH_GRN_VALUE">
        SELECT COALESCE(SUM(grh.TotNetAmt), 0) AS totNetAmt
        FROM   grnheader grh
        WHERE  grh.cmpCode = :param1
               AND grh.distrCode IN ( :param2 )
               AND grh.invoiceDt BETWEEN :param3 AND :param4
    </query>

    <query name="FETCH_PURCHASEINVOICE_COUNT">
        SELECT COALESCE(COUNT(DISTINCT InvoiceNo), 0) AS InvoiceCount
        FROM   purchaseinvoice pi
        WHERE  grnStatus = 'N'
               and pi.CmpCode = :param1
               AND pi.DistrCode IN (:param2)
    </query>

    <query name="FETCH_STOCKLEDGER_QTY_AND_VALUE">
        SELECT COALESCE(SUM(sl.SalesSalableQty), 0)                AS secondaryQty,
               COALESCE(SUM(sl.SalesSalableQty * pb.SellPrice), 0) AS sellPrice
        FROM   stockledger sl
               INNER JOIN productbatch pb
                       ON sl.cmpcode = pb.cmpcode
                          and sl.distrcode = pb.distrcode
                          AND sl.prodCode = pb.ProdCode
        WHERE  sl.CmpCode = ?
               AND sl.DistrCode IN (?)
               AND sl.transDate BETWEEN ? AND ?
    </query>

    <query name="FETCH_TEMPCUSTOMER_COUNT">
        SELECT COALESCE(COUNT(tc1.CustomerCode), 0) AS customerCount
        FROM   tempcustomer tc1
        WHERE  tc1.CmpCode = :param1
               AND tc1.DistrCode IN (:param2)
               AND tc1.DistrSalesmanCode = :param3
               AND tc1.createdDt BETWEEN :param4 AND :param5
    </query>

    <query name="FETCH_ORDER_COUNT">
        SELECT COALESCE(COUNT(oh1.OrderNo), 0) AS orderCount
        FROM   orderbookingheader oh1
        WHERE  oh1.CmpCode = :param1
               AND oh1.DistrCode IN ( :param2 )
               AND oh1.DistrSalesmanCode = :param3
               AND oh1.OrderDt BETWEEN :param4 AND :param5
    </query>
</queries>