<?xml version="1.0" encoding="UTF-8"?>
<queries>
    <!-- INSERT PORTAL MASTER SCRIPTS-->
    <query name="INSERT_MASTER_ACTIVITYANSWER">
        INSERT INTO activityanswer
            (
                        CmpCode,
                        ActivityDesc,
                        ActivityTypeCode,
                        ActivityType,
                        ActivityTypeValue,
                        UploadFlag,
                        ModDt
            )
            VALUES
            (
                        :cmpCode,
                        :activityDesc,
                        :activityTypeCode,
                        :activityType,
                        :activityTypeValue,
                        :uploadFlag,
                        NOW()
            )
        ON DUPLICATE KEY
        UPDATE ActivityType = :activityType,
               ActivityTypeValue = :activityTypeValue,
               UploadFlag = :uploadFlag,
               ModDt = NOW()
    </query>

    <query name="INSERT_MASTER_ACTIVITY">
        INSERT INTO activity (CmpCode,
                              DistrCode,
                              ActivityGroupCode,
                              ActivitySequence,
                              ActivityDesc,
                              DistrSalesmanCode,
                              DistrSalesmanName,
                              CreatedDate,
                              StartDt,
                              EndDt,
                              ActivityStatus,
                              PhotoCapture,
                              ActivityMandatory,
                              IsImageMandatory,
                              UploadFlag,
                              ModDt)
            VALUES (:cmpCode,
                    :distrCode,
                    :activityGroupCode,
                    :activitySequence,
                    :activityDesc,
                    :distrSalesmanCode,
                    :distrSalesmanName,
                    :createdDate,
                    :startDt,
                    :endDt,
                    :activityStatus,
                    :photoCapture,
                    :activityMandatory,
                    :isImageMandatory,
                    :uploadFlag,
                    NOW())
        ON DUPLICATE KEY UPDATE DistrSalesmanName = VALUES(DistrSalesmanName),
                                CreatedDate       = VALUES(CreatedDate),
                                ActivityStatus    = VALUES(ActivityStatus),
                                PhotoCapture      = VALUES(PhotoCapture),
                                ActivityMandatory = VALUES(ActivityMandatory),
                                IsImageMandatory  = VALUES(IsImageMandatory),
                                UploadFlag        = VALUES(UploadFlag),
                                ModDt             = VALUES(ModDt)
    </query>

    <query name="INSERT_MASTER_ACTIVITYRETAILERCATEGORYMAPPING">
        INSERT INTO activityretailercategorymapping
            (
                        CmpCode,
                        ActivityDesc,
                        ChannelCode,
                        ChannelName,
                        SubChannelCode,
                        SubChannelName,
                        GroupCode,
                        GroupName,
                        ClassCode,
                        ClassName,
                        ActivityStatus,
                        UploadFlag,
                        ModDt
            )
            VALUES
            (
                        :cmpCode,
                        :activityDesc,
                        :channelCode,
                        :channelName,
                        :subChannelCode,
                        :subChannelName,
                        :groupCode,
                        :groupName,
                        :classCode,
                        :className,
                        :activityStatus,
                        :uploadFlag,
                        NOW()
            )
        ON DUPLICATE KEY
        UPDATE ChannelName = :channelName,
               SubChannelName = :subChannelName,
               GroupName = :groupName,
               ClassName = :className,
               ActivityStatus = :activityStatus,
               UploadFlag = :uploadFlag,
               ModDt = NOW()
    </query>

    <query name="INSERT_MASTER_BANNERIMAGETEMPLATE">
        INSERT INTO bannerimagetemplate
            (
                        CmpCode,
                        BannerDesc,
                        FileName,
                        OriginalFileName,
                        Content,
                        Type,
                        DistrCode,
                        SSMType,
                        UserType,
                        UploadFlag,
                        ModDt
            )
            VALUES
            (
                        :cmpCode,
                        :bannerDesc,
                        :fileName,
                        :originalFileName,
                        :content,
                        :type,
                        :distrCode,
                        :ssmType,
                        :userType,
                        :uploadFlag,
                        NOW()
            )
        ON DUPLICATE KEY
        UPDATE OriginalFileName = :originalFileName,
               Content = :content,
               Type = :type,
               DistrCode = :distrCode,
               SSMType = :ssmType,
               UserType = :userType,
               UploadFlag = :uploadFlag,
               ModDt = NOW()
    </query>

    <query name="INSERT_MASTER_DSRSYNCSUMMARY">
        INSERT INTO dsrsyncsummary
            (
                        CmpCode,
                        DistrCode,
                        DistrSalesmanCode,
                        CoverageDt,
                        SyncStatus,
                        UploadFlag,
                        ModDt
            )
            VALUES
            (
                        :cmpCode,
                        :distrCode,
                        :distrSalesmanCode,
                        :coverageDt,
                        :syncStatus,
                        :uploadFlag,
                        NOW()
            )
        ON DUPLICATE KEY
        UPDATE CoverageDt = :coverageDt,
               SyncStatus = :syncStatus,
               UploadFlag = :uploadFlag,
               ModDt = NOW()
    </query>

    <query name="INSERT_MASTER_SFAUSER">
        INSERT INTO sfauser
            (
                        CmpCode,
                        LoginCode,
                        UserType,
                        UserGroup,
                        UserName,
                        Password,
                        EmailId,
                        MobileNo,
                        IsActive,
                        AppVersion,
                        DmsEnable,
                        IsNewPassword,
                        DistrCode,
                        DistrSalesmanCode,
                        SalesHierLevel,
                        SalesHierValue,
                        loginStatus,
                        UploadFlag,
                        ModDt
            )
            VALUES
            (
                        :cmpCode,
                        :loginCode,
                        COALESCE(:userType, 'DSR'),
                        :userGroup,
                        :userName,
                        :password,
                        :emailId,
                        :mobileNo,
                        :isActive,
                        :appVersion,
                        :dmsEnable,
                        :isNewPassword,
                        :distrCode,
                        :distrSalesmanCode,
                        :salesHierLevel,
                        :salesHierValue,
                        'N',
                        :uploadFlag,
                        NOW()
            )
        ON DUPLICATE KEY
        UPDATE UserType = COALESCE(:userType, 'DSR'),
               UserName = :userName,
               Password = :password,
               EmailId = :emailId,
               MobileNo = :mobileNo,
               UserGroup = :userGroup,
               IsActive = :isActive,
               AppVersion = :appVersion,
               DmsEnable = :dmsEnable,
               IsNewPassword = :isNewPassword,
               DistrCode = :distrCode,
               DistrSalesmanCode = :distrSalesmanCode,
               SalesHierLevel = :salesHierLevel,
               SalesHierValue = :salesHierValue,
               UploadFlag = :uploadFlag,
               ModDt = NOW()
    </query>

    <query name="INSERT_MASTER_SFAUSER_OTHERS">
        INSERT INTO sfauser
            (
                        CmpCode,
                        LoginCode,
                        UserType,
                        UserGroup,
                        UserName,
                        Password,
                        EmailId,
                        MobileNo,
                        IsActive,
                        AppVersion,
                        DmsEnable,
                        IsNewPassword,
                        DistrCode,
                        DistrSalesmanCode,
                        SalesHierLevel,
                        SalesHierValue,
                        loginStatus,
                        UploadFlag,
                        ModDt
            )
            VALUES
            (
                        :cmpCode,
                        :loginCode,
                        COALESCE(:userType, 'DSR'),
                        :userGroup,
                        :userName,
                        :password,
                        :emailId,
                        :mobileNo,
                        :isActive,
                        '',
                        :dmsEnable,
                        :isNewPassword,
                        :distrCode,
                        :distrSalesmanCode,
                        :salesHierLevel,
                        :salesHierValue,
                        'N',
                        :uploadFlag,
                        NOW()
            )
        ON DUPLICATE KEY
        UPDATE UserType = COALESCE(:userType, 'DSR'),
               UserName = :userName,
               Password = :password,
               EmailId = :emailId,
               MobileNo = :mobileNo,
               UserGroup = :userGroup,
               IsActive = :isActive,
               DmsEnable = :dmsEnable,
               AppVersion = :appVersion,
               IsNewPassword = :isNewPassword,
               DistrCode = :distrCode,
               DistrSalesmanCode = :distrSalesmanCode,
               SalesHierLevel = :salesHierLevel,
               SalesHierValue = :salesHierValue,
               UploadFlag = :uploadFlag,
               ModDt = NOW()
    </query>

    <query name="INSERT_MASTER_FIREBASEUSER">
        INSERT INTO firebaseuser
            (
                        CmpCode,
                        FireBaseKey,
                        UserCode,
                        UploadFlag,
                        ModDt
            )
            VALUES
            (
                        :cmpCode,
                        :fireBaseKey,
                        :userCode,
                        :uploadFlag,
                        NOW()
            )
        ON DUPLICATE KEY
        UPDATE UserCode = :userCode,
               UploadFlag = :uploadFlag,
               ModDt = NOW()
    </query>

    <query name="INSERT_MASTER_IMAGETEMPLATE">
        INSERT INTO imagetemplate
            (
                        CmpCode,
                        ProdType,
                        ProdCode,
                        ProductHierPath,
                        FileName,
                        OriginalFileName,
                        Content,
                        Type,
                        UploadFlag,
                        ModDt
            )
            VALUES
            (
                        :cmpCode,
                        :prodType,
                        :prodCode,
                        :productHierPath,
                        :fileName,
                        :originalFileName,
                        :content,
                        :type,
                        :uploadFlag,
                        NOW()
            )
        ON DUPLICATE KEY
        UPDATE ProductHierPath = :productHierPath,
               FileName = :fileName,
               OriginalFileName = :originalFileName,
               Content = :content,
               Type = :type,
               UploadFlag = :uploadFlag,
               ModDt = NOW()
    </query>

    <query name="INSERT_MASTER_ISRSTOCKISTMAPPING">
        INSERT INTO isrstockistmapping
            (
                        CmpCode,
                        IsrCode,
                        SuperStockistCode,
                        StockistCode,
                        DistrSalesmanCode,
                        SSMType,
                        IsrName,
                        SuperStockistName,
                        StockistName,
                        DistrSalesmanName,
                        DmsEnable,
                        UploadFlag,
                        ModDt
            )
            VALUES
            (
                        :cmpCode,
                        :isrCode,
                        :superStockistCode,
                        :stockistCode,
                        :distrSalesmanCode,
                        :ssmType,
                        :isrName,
                        :superStockistName,
                        :stockistName,
                        :distrSalesmanName,
                        :dmsEnable,
                        :uploadFlag,
                        NOW()
            )
        ON DUPLICATE KEY
        UPDATE SSMType = :ssmType,
               IsrName = :isrName,
               SuperStockistName = :superStockistName,
               StockistName = :stockistName,
               DistrSalesmanName = :distrSalesmanName,
               DmsEnable = :dmsEnable,
               UploadFlag = :uploadFlag,
               ModDt = NOW()
    </query>

    <query name="INSERT_MASTER_KPICONFIGURATION">
        INSERT INTO kpiconfiguration
            (
                        CmpCode,
                        DistrCode,
                        SalesmanCode,
                        StartDt,
                        EndDt,
                        LpcBasedOn,
                        DistrName,
                        SalesmanName,
                        Incentive,
                        Tvsa,
                        Tvsakpi,
                        Cov,
                        Covkpi,
                        Prod,
                        Prodkpi,
                        Newret,
                        Newretkpi,
                        Lpc,
                        Lpckpi,
                        Bill,
                        Billkpi,
                        Orders,
                        Orderskpi,
                        UploadFlag,
                        GameCode,
                        ModDt
            )
            VALUES
            (
                        :cmpCode,
                        :distrCode,
                        :salesmanCode,
                        :startDt,
                        :endDt,
                        :lpcBasedOn,
                        :distrName,
                        :salesmanName,
                        :incentive,
                        :tvsa,
                        :tvsakpiStr,
                        :cov,
                        :covkpiStr,
                        :prod,
                        :prodkpiStr,
                        :newret,
                        :newretkpiStr,
                        :lpc,
                        :lpckpiStr,
                        :bill,
                        :billkpiStr,
                        :orders,
                        :orderskpiStr,
                        :uploadFlag,
                        :gameCode,
                        NOW()
            )
        ON DUPLICATE KEY
        UPDATE LpcBasedOn = :lpcBasedOn,
               DistrName = :distrName,
               SalesmanName = :salesmanName,
               Incentive = :incentive,
               Tvsa = :tvsa,
               Tvsakpi = :tvsakpiStr,
               Cov = :cov,
               Covkpi = :covkpiStr,
               Prod = :prod,
               Prodkpi = :prodkpiStr,
               Newret = :newret,
               Newretkpi = :newretkpiStr,
               Lpc = :lpc,
               Lpckpi = :lpckpiStr,
               Bill = :bill,
               Billkpi = :billkpiStr,
               Orders = :orders,
               Orderskpi = :orderskpiStr,
               UploadFlag = :uploadFlag,
               ModDt = NOW()
    </query>

    <query name="INSERT_MASTER_LASTSYNCLOG">
        INSERT INTO lastsynclog
            (
                        CmpCode,
                        UserCode,
                        Type,
                        SyncDt,
                        SyncLogDt,
                        SyncLogTime,
                        MODE,
                        ProcessName,
                        Latitude,
                        Longitude,
                        AppVersion,
                        UserName,
                        UploadFlag,
                        ModDt
            )
            VALUES
            (
                        :cmpCode,
                        :userCode,
                        :type,
                        :syncDt,
                        :syncLogDt,
                        :syncLogTime,
                        :mode,
                        :processName,
                        :latitude,
                        :longitude,
                        :appVersion,
                        :userName,
                        :uploadFlag,
                        NOW()
            )
        ON DUPLICATE KEY
        UPDATE Type = :type,
               SyncDt = :syncDt,
               SyncLogDt = :syncLogDt,
               SyncLogTime = :syncLogTime,
               MODE = :mode,
               ProcessName = :processName,
               Latitude = :latitude,
               Longitude = :longitude,
               AppVersion = :appVersion,
               UserName = :userName,
               UploadFlag = :uploadFlag,
               ModDt = NOW()
    </query>

    <query name="INSERT_MASTER_NEWLAUNCHSUMMARY">
        INSERT INTO newlaunchsummary
            (
                        CmpCode,
                        DistrCode,
                        DistrSalesmanCode,
                        TodayDt,
                        ProdCode,
                        ProdName,
                        ProdShortName,
                        CategoryCode,
                        CategoryName,
                        BrandCode,
                        BrandName,
                        UploadFlag,
                        ModDt
            )
            VALUES
            (
                        :cmpCode,
                        :distrCode,
                        :distrSalesmanCode,
                        :todayDt,
                        :prodCode,
                        :prodName,
                        :prodShortName,
                        :categoryCode,
                        :categoryName,
                        :brandCode,
                        :brandName,
                        :uploadFlag,
                        NOW()
            )
        ON DUPLICATE KEY
        UPDATE ProdName = :prodName,
               ProdShortName = :prodShortName,
               CategoryCode = :categoryCode,
               CategoryName = :categoryName,
               BrandCode = :brandCode,
               BrandName = :brandName,
               UploadFlag = :uploadFlag,
               ModDt = NOW()
    </query>

    <query name="INSERT_MASTER_NOTIFICATION">
        INSERT INTO notification
                    (CmpCode,
                     UserCode,
                     UserType,
                     Subject,
                     Message,
                     CreatedDt,
                     Attachment,
                     AttachmentPath,
                     MessageDetail,
                     FileContent,
                     FileName,
                     MappedCode,
                     Important,
                     UploadStatus,
                     ModDt)
        VALUES      (:cmpCode,
                     :userCode,
                     :userType,
                     :subject,
                     :message,
                     :createdDt,
                     :attachment,
                     :attachmentPath,
                     :messageDetail,
                     :fileContent,
                     :fileName,
                     :mappedCodeStr,
                     :important,
                     :uploadStatus,
                     NOW())
    </query>

    <query name="INSERT_MASTER_PLANOGRAM">
        INSERT INTO planogram
            (
                        CmpCode,
                        HierLevelCode,
                        HierValueCode,
                        StartDt,
                        EndDt,
                        PlanogramDesc,
                        FileName,
                        OriginalFileName,
                        Content,
                        Type,
                        DistrCode,
                        TemplateStatus,
                        UploadFlag,
                        ModDt
            )
            VALUES
            (
                        :cmpCode,
                        :hierLevelCode,
                        :hierValueCode,
                        :startDt,
                        :endDt,
                        :planogramDesc,
                        :fileName,
                        :originalFileName,
                        :content,
                        :type,
                        :distrCode,
                        :templateStatus,
                        :uploadFlag,
                        NOW()
            )
        ON DUPLICATE KEY
        UPDATE PlanogramDesc = :planogramDesc,
               FileName = :fileName,
               OriginalFileName = :originalFileName,
               Content = :content,
               Type = :type,
               DistrCode = :distrCode,
               TemplateStatus = :templateStatus,
               UploadFlag = :uploadFlag,
               ModDt = NOW()
    </query>

    <query name="INSERT_MASTER_SCREENACCESS">
        INSERT INTO screenaccess
            (
                        CmpCode,
                        GroupCode,
                        ModuleNo,
                        ScreenNo,
                        ApplicationType,
                        GroupName,
                        Checked,
                        Sequence,
                        UploadFlag,
                        ModDt
            )
            VALUES
            (
                        :cmpCode,
                        :groupCode,
                        :moduleNo,
                        :screenNo,
                        :applicationType,
                        :groupName,
                        :checked,
                        :sequence,
                        :uploadFlag,
                        NOW()
            )
        ON DUPLICATE KEY
        UPDATE GroupName = :groupName,
               Checked = :checked,
               Sequence = :sequence,
               UploadFlag = :uploadFlag,
               ModDt = NOW()
    </query>

    <query name="INSERT_MASTER_USERACCESSDETAIL">
        INSERT INTO useraccessdetail
            (
                        CmpCode,
                        UserCode,
                        RemoteAddr,
                        Token,
                        TokenGenerationTime,
                        AuthCode,
                        UploadFlag,
                        ModDt
            )
            VALUES
            (
                        :cmpCode,
                        :userCode,
                        :remoteAddr,
                        :token,
                        :tokenGenerationTime,
                        :authCode,
                        :uploadFlag,
                        NOW()
            )
        ON DUPLICATE KEY
        UPDATE Token = :token,
               TokenGenerationTime = :tokenGenerationTime,
               AuthCode = :authCode,
               UploadFlag = :uploadFlag,
               ModDt = NOW()
    </query>

    <query name="INSERT_MASTER_USERDEFINEFORM">
        INSERT INTO userdefineform
            (
                        CmpCode,
                        FormDesc,
                        Label,
                        ComponentType,
                        Options,
                        DataLength,
                        ActiveStatus,
                        IsMandatory,
                        UploadFlag,
                        ModDt
            )
            VALUES
            (
                        :cmpCode,
                        :formDesc,
                        :label,
                        :componentType,
                        :optionStr,
                        :DataLength,
                        :activeStatus,
                        :isMandatory,
                        :uploadFlag,
                        NOW()
            )
        ON DUPLICATE KEY
        UPDATE ComponentType = :componentType,
               Options = :optionStr,
               ActiveStatus = :activeStatus,
               IsMandatory = :isMandatory,
               UploadFlag = :uploadFlag,
               ModDt = NOW()
    </query>

    <query name="INSERT_MASTER_SYNCLOG">
        INSERT INTO synclog
                    (CmpCode,
                     UserCode,
                     Type,
                     SyncDt,
                     SyncLogDt,
                     SyncLogTime,
                     Mode,
                     ProcessName,
                     Latitude,
                     Longitude,
                     AppVersion,
                     UserName,
                     BatteryPerc,
                     UploadFlag,
                     ModDt)
        VALUES      (:cmpCode,
                     :userCode,
                     :type,
                     :syncDt,
                     :syncLogDt,
                     :syncLogTime,
                     :mode,
                     :processName,
                     :latitude,
                     :longitude,
                     :appVersion,
                     :userName,
                    :syncBatteryPerc,
                     :uploadFlag,
                     NOW())
    </query>

    <query name="INSERT_MASTER_SMSREQUEST">
        INSERT INTO smsrequest
                    (CmpCode,
                     DistrCode,
                     DistrSalesmanCode,
                     CustomerName,
                     MobileNo,
                     OtpCode,
                     RefCode,
                     RefDate,
                     RouteCode,
                     Remarks,
                     OtpLogTime,
                     DisplayMode,
                     ResponseFlag,
                     UploadFlag,
                     ModDt)
        VALUES      (:cmpCode,
                     :distrCode,
                     :distrSalesmanCode,
                     :customerName,
                     :mobileNo,
                     :otpCode,
                     :refCode,
                     :refDate,
                     :routeCode,
                     :remarks,
                     :otpLogTime,
                     :displayMode,
                     :responseFlag,
                     :uploadFlag,
                     NOW())
    </query>


    <!-- DELETE PORTAL MASTER SCRIPTS-->
    <query name="DELETE_MASTER_BANNERIMAGETEMPLATE">
        DELETE FROM bannerimagetemplate
        WHERE  CmpCode = ?
               AND BannerDesc = ?
    </query>

    <query name="DELETE_MASTER_CUSTOMERTARGET_BY_YEAR_AND_MONTH">
        DELETE FROM customertarget
        WHERE  Year = ?
               AND Month = ?
    </query>

    <query name="DELETE_MASTER_ISRSTOCKISTMAPPING_BY_ISRCODE">
        DELETE FROM isrstockistmapping
        WHERE IsrCode = ?
    </query>

    <query name="DELETE_MASTER_PLANOGRAM_BY_ID">
        DELETE FROM planogram
        WHERE CmpCode = ?
        AND HierLevelCode = ?
        AND HierValueCode = ?
        AND StartDt = ?
        AND EndDt = ?
    </query>

    <query name="DELETE_MASTER_USERDEFINEFORM_BY_DESC">
        DELETE FROM userdefineform
        WHERE  CmpCode = ?
               AND FormDesc = ?
    </query>

    <query name="DELETE_MASTER_SFAUSER_BY_ID">
        DELETE FROM sfauser
        WHERE  LoginCode = ?
    </query>

    <!-- UPDATE PORTAL MASTER SCRIPTS-->
    <query name="UPDATE_MASTER_SYNCLOG">
        UPDATE synclog
        SET    UploadFlag = 'Y',
               ModDt = NOW()
        WHERE  ChangeNo = :changeNo and UploadFlag = 'N'
    </query>

	<query name="UPDATE_ACTIVITY_TRACKER_STATUS">
		UPDATE activitytracker
		SET ApprovalStatus = :approvalStatus,
			UploadFlag     = :uploadFlag,
			ModDt          = NOW()
		WHERE CmpCode = :cmpCode
		  AND DistrCode = :distrCode
		  AND ActivityCode = :activityCode
		  AND ActivityDescription = :activityDescription
	</query>

	<query name="FETCH_ACTIVITY_TRACKER_STATUS">
		SELECT at.CmpCode,
			   at.DistrCode,
			   at.DistrSalesmanCode,
			   at.ActivityDescription,
			   GROUP_CONCAT(at.CustomerCode) AS CustomerCode
		FROM activitytracker at
		WHERE at.ApprovalStatus != 'R'
		  AND CONCAT(at.CmpCode, '-', at.DistrCode, '-', at.ActivityDescription, '-', at.DistrSalesmanCode) IN (:param1)
		GROUP BY at.CmpCode,
				 at.DistrCode,
				 at.DistrSalesmanCode,
				 at.ActivityDescription
	</query>
		  
    <query name="UPDATE_USER_LOGIN_STATUS">
        UPDATE sfauser
        SET HostName     = :hostName,
            LoggedInTime = :loggedInTime,
            UserLoginStatus = 'Y',
            ModDt        = NOW()
        WHERE LoginCode = :userCode
    </query>

    <query name="UPDATE_NOTIFICATION_STATUS">
        UPDATE notification
        SET UploadStatus=:uploadStatus
        WHERE NotificationId = :notificationId
    </query>
    
    <query name="INSERT_MASTER_MDSRMAPPING">
        INSERT INTO mdsrmapping
            (
                        CmpCode,
                        MdsrCode,
                        MdsrName,
                        DistrCode,
                        DistrName,
                        DistrSalesmanCode,
                        DistrSalesmanName,
                        SSMType,
                        UploadFlag,
                        ModDt
            )
            VALUES
            (
                        :cmpCode,
                        :mdsrCode,
                        :mdsrName,
                        :distrCode,
                        :distrName,
                        :distrSalesmanCode,
                        :distrSalesmanName,
                        :ssmType,
                        :uploadFlag,
                        NOW()
            )
        ON DUPLICATE KEY
        UPDATE MdsrName = :mdsrName,
               SSMType = :ssmType,
               DistrName = :distrName,
               DistrSalesmanName = :distrSalesmanName,              
               UploadFlag = :uploadFlag,
               ModDt = NOW()
    </query>
    
   <query name="DELETE_MASTER_MDSRMAPPING_BY_MDSRCODE">
        DELETE FROM mdsrmapping
        WHERE MdsrCode = ?
    </query>
    
    <query name="DELETE_MASTER_OTCROUTEMAPPING_BY_USERCODE">
        DELETE FROM otc_route_mapping
        WHERE UserCode = ?
    </query>
    
    <query name="INSERT_MASTER_OTCROUTEMAPPING">
        INSERT INTO otc_route_mapping
            (
                        CmpCode,
                        UserCode,
                        UserName,
                        CmpRouteCode,
                        CmpRouteName,
                        DistrCode,
                        DistrName,
                        UploadFlag,
                        ModDt
            )
            VALUES
            (
                        :cmpCode,
                        :userCode,
                        :userName,
                        :cmpRouteCode,
                        :cmpRouteName,
                        :distrCode,
                        :distrName,
                        :uploadFlag,
                        NOW()
            )
        ON DUPLICATE KEY
        UPDATE UserName = :userName,
               CmpRouteName = :cmpRouteName,
               DistrName = :distrName,              
               UploadFlag = :uploadFlag,
               ModDt = NOW()
    </query>
<query name="INSERT_MASTER_KPISLABDETAILS">
        INSERT INTO kpiSlabDetails
        (
        CmpCode,
        DistrCode,
        SalesmanCode,
        startDt,
        endDt,
        KpiCode,
        LpcBasedOn,
        Incentive,
        kpiValue,
        RangeValue,
        Weightage,
        UploadFlag,
        GameCode,
        ModDt
        )
        VALUES
        (
        :cmpCode,
        :distrCode,
        :salesmanCode,
        :startDt,
        :endDt,
        :kpiCode,
        :lpcBasedOn,
        :incentive,
        :kpiValue,
        :rangeValue,
        :weightage,
        :uploadFlag,
        :gameCode,
        NOW()
        )
        ON DUPLICATE KEY
        UPDATE LpcBasedOn = :lpcBasedOn,
        Incentive = :incentive,
        KpiValue = :kpiValue,
        Weightage = :weightage,
        UploadFlag = :uploadFlag,
        ModDt = NOW()
    </query>
    <query name="INSERT_MASTER_USER_OTP_DETAIL">
        INSERT INTO userotpdetail (CmpCode,
                                   UserCode,
                                   OtpCode,
                                   UploadFlag,
                                   ModDt)
        VALUES (:cmpCode,
                :userCode,
                :otpCode,
                "N",
                NOW())
        ON DUPLICATE KEY
            UPDATE OtpCode    = :otpCode,
                   UploadFlag = "N",
                   ModDt      = NOW()
    </query>

    <query name="CHECK_USER_OTP">
        SELECT COUNT(*)
        FROM userotpdetail
        WHERE CmpCode = :cmpCode
          AND UserCode = :loginCode
          AND OtpCode = :otpCode
    </query>

    <query name="CHECK_LOGIN_ATTEMPTS">
        SELECT CmpCode,
               UserCode,
               FailedAttempt,
               IsLocked,
               LockTime,
               UploadFlag,
               ModDt
        FROM userloginattempt
        WHERE CmpCode = ?
          AND UserCode = ?
    </query>

    <query name="UPDATE_LOGIN_ATTEMPTS">
        INSERT INTO userloginattempt(CmpCode,
                                     UserCode,
                                     FailedAttempt,
                                     IsLocked,
                                     LockTime,
                                     UploadFlag,
                                     ModDt)
        VALUES (:cmpCode,
                :userCode,
                :failedAttempt,
                :isLocked,
                :lockTime,
                'N',
                NOW())
        ON DUPLICATE KEY UPDATE FailedAttempt = :failedAttempt,
                                IsLocked      = :isLocked,
                                LockTime      = :lockTime,
                                UploadFlag    = 'N',
                                ModDt         = NOW()
    </query>

    <query name="INSERT_MASTER_CUSTOMER_OTP_DETAIL">
        INSERT INTO customerotpdetails (CmpCode,
                                        DistrCode,
                                        DistrSalesmanCode,
                                        CustomerCode,
                                        PhoneNo,
                                        OtpCode,
                                        UploadFlag,
                                        ModDt)
        VALUES (:cmpCode,
                :distrCode,
                :salesmanCode,
                :customerCode,
                :phoneNo,
                :otpCode,
                'N',
                NOW())
        ON DUPLICATE KEY UPDATE OtpCode    = VALUES(otpCode),
                                PhoneNo    = VALUES(PhoneNo),
                                UploadFlag = VALUES(UploadFlag),
                                ModDt      = NOW()
    </query>

    <query name="CHECK_CUSTOMER_OTP">
        SELECT COUNT(*)
        FROM customerotpdetails
        WHERE CmpCode = :cmpCode
              AND DistrCode = :distrCode
              AND DistrSalesmanCode = :salesmanCode
              AND CustomerCode = :customerCode
              AND PhoneNo = :phoneNo
              AND OtpCode = :otpCode
    </query>

    <query name="INSERT_MASTER_ACTIVITY_ATTRIBUTE">
        INSERT INTO activityattributemaster
        (CmpCode,
        ActivityDesc,
        AttributeCode,
        AttributeName,
        ActivityStatus,
        UploadFlag,
        ModDt
        )
        VALUES
        (:cmpCode,
        :activityDesc,
        :attributeCode,
        :attributeName,
        :activityStatus,
        :uploadFlag,
        NOW()
        )
        ON DUPLICATE KEY UPDATE
        AttributeName = VALUES(AttributeName),
        ActivityStatus = VALUES(ActivityStatus),
        UploadFlag = VALUES(UploadFlag),
        ModDt = NOW()
    </query>
</queries>

