<?xml version="1.0" encoding="UTF-8"?>
<queries>
    <!-- REPORT COMPUTE SCRIPTS-->
    <query name="FETCH_ALL_USER">
        select CONCAT(d.cmpCode, '-', d.DistrCode) from distributor d where d.cmpCode= :cmpCode
        union select CONCAT(s.cmpCode, '-', s.DistrCode, '-', s.DistrSalesmanCode) from salesman s
        where s.cmpCode= :cmpCode union select CONCAT(sv.cmpCode, '-',sv.salesForceCode)
        from salesforcehiervalue sv where sv.cmpCode= :cmpCode;
    </query>

	<query name="TRUNCATE_REPORT_COMPUTE_STORAGE">
        TRUNCATE TABLE report_compute_storage
    </query>

    <query name="SELECT_REPORT_COMPUTE_STORAGE_COUNT">
        SELECT COUNT(JsonKey)
        FROM report_compute_storage
        WHERE CmpCode = ?
        AND ProcessCode = ?
    </query>

    <query name="SELECT_REPORT_COMPUTE_STORAGE">
        SELECT JsonKey,
        JsonValue
        FROM report_compute_storage
        WHERE CmpCode = ?
        AND ProcessCode = ?
    </query>

    <query name="REPORT_COMPUTE_DELIVEREDBILLS_CMP">
        CALL report_compute_delivered_bills_cmp(:cmpCode, :processType)
    </query>

    <query name="REPORT_COMPUTE_PENDINGBILLS_CMP">
        CALL report_compute_pending_bills_cmp(:cmpCode, :processType)
    </query>


    <query name="REPORT_COMPUTE_PENDINGORDER_CMP">
        CALL report_compute_pending_order_cmp(:cmpCode, :processType)
    </query>

    <query name="REPORT_COMPUTE_PENDINGBILLS_CMP">
        CALL report_compute_pending_bills_cmp(:cmpCode, :processType)
    </query>

    <query name="REPORT_COMPUTE_DELIVEREDBILLS_CMP">
        CALL report_compute_delivered_bills_cmp(:cmpCode, :processType)
    </query>

     <query name="REPORT_COMPUTE_CANCELLEDBILLS_CMP">
         CALL report_compute_cancelled_bills_cmp(:cmpCode, :processType)
     </query>
     <query name="REPORT_COMPUTE_RETAILERMTDTOPSKU_CMP">
         CALL report_compute_retailer_mtd_top_sku_cmp(:cmpCode, :processType)
     </query>

    <query name="REPORT_COMPUTE_RETAILERTOPSKULPC_CMP">
        CALL report_compute_retailer_top_sku_cmp(:cmpCode, :processType)
    </query>

    <query name="REPORT_COMPUTE_SCHEMEUTILIZATION">
        CALL report_compute_schemeutilization(:cmpCode, :processType)
    </query>

    <query name="REPORT_COMPUTE_LASTUNBILLEDOUTLET_CMP">
        CALL report_compute_un_billed_outlet_cmp(:cmpCode, :processType)
    </query>

    
    <query name="REPORT_COMPUTE_BILLEDOUTLET_CMP">
        CALL report_compute_billed_outlet_cmp(:cmpCode, :processType)
    </query>

    <query name="REPORT_COMPUTE_CHANNELPERFORMANCE_CMP">
        CALL report_compute_channel_performance_cmp(:cmpCode, :processType)
    </query>

   <query name="REPORT_COMPUTE_PRODUCTINDEX">
       CALL report_compute_productindex(:cmpCode, :processType)
    </query>

    <query name="REPORT_COMPUTE_MARKETOUTSTANDING_CMP">
        CALL report_compute_market_out_standing_cmp(:cmpCode, :processType)
    </query>

    <query name="REPORT_COMPUTE_DISTRIBUTORSERVICELEVEL_CMP">
        CALL report_compute_distributor_service_level_cmp(:cmpCode, :processType)
    </query>

   <query name="REPORT_COMPUTE_AGING_CMP">
       CALL report_compute_aging_cmp(:cmpCode, :processType)
   </query>

    <query name="REPORT_COMPUTE_RETAILERMTDLPC_CMP">
        CALL report_compute_retailer_mtd_lpc_cmp(:cmpCode, :processType)
    </query>

    <query name="REPORT_COMPUTE_RETAILERPRODUCTLPC">
        CALL report_compute_retailer_product_lpc(:cmpCode, :processType)
    </query>

    <query name="REPORT_COMPUTE_TRENDMONTHSALES_CMP">
        CALL report_compute_trend_month_sales_cmp(:cmpCode, :processType)
    </query>

    <query name="REPORT_COMPUTE_RETAILERDASHBOARD_CMP">
        CALL report_compute_retailer_dashboard_cmp(:cmpCode, :processType)
    </query>

    <query name="REPORT_COMPUTE_SALESMANTARGET">
        CALL report_compute_reportsalesmantarget(:cmpCode, :processType)
    </query>
    <query name="FETCH_REPORTSALESMANTARGET">
        SELECT *
        FROM ReportSalesmanTarget
    </query>
    <query name="REPORT_COMPUTE_TOPRETAILERPRODUCTLPC">
        CALL report_compute_top_retailer_product_lpc(:cmpCode, :processType)
    </query>
    <query name="REPORT_COMPUTE_RETAILER_WISE_BRAND_TARGET_VS_ACHIEVEMENT_HEADER">
        CALL REPORT_COMPUTE_RETAILER_WISE_BRAND_TARGET_VS_ACHIEVEMENT_HEADER(:cmpCode, :processType)
    </query>
    <query name="REPORT_COMPUTE_RETAILER_WISE_BRAND_TARGET_VS_ACHIEVEMENT_DETAILS">
        CALL REPORT_COMPUTE_RETAILER_WISE_BRAND_TARGET_VS_ACHIEVEMENT_DETAILS(:cmpCode, :processType)
    </query>
    <query name="REPORT_COMPUTE_TARGET_VS_ACHIEVEMENT_RETAILER_DETAILS_PREVIOUS">
        CALL REPORT_COMPUTE_TARGET_VS_ACHIEVEMENT_RETAILER_DETAILS_PREVIOUS(:cmpCode, :processType)
    </query>
    <query name="REPORT_COMPUTE_TARGET_VS_ACHIEVEMENT_ROUTE_HEADER">
        CALL REPORT_COMPUTE_TARGET_VS_ACHIEVEMENT_ROUTE_HEADER(:cmpCode, :processType)
    </query>
    <query name="REPORT_COMPUTE_TARGET_VS_ACHIEVEMENT_ROUTE_HEADER_PREVIOUS">
        CALL REPORT_COMPUTE_TARGET_VS_ACHIEVEMENT_ROUTE_HEADER_PREVIOUS(:cmpCode, :processType)
    </query>
    <query name="REPORT_COMPUTE_TARGET_VS_ACHIEVEMENT_ROUTE_DETAILS">
        CALL REPORT_COMPUTE_TARGET_VS_ACHIEVEMENT_ROUTE_DETAILS(:cmpCode, :processType)
    </query>
    <query name="REPORT_COMPUTE_TARGET_VS_ACHIEVEMENT_ROUTE_PREVIOUS_DETAILS">
        CALL REPORT_COMPUTE_TARGET_VS_ACHIEVEMENT_ROUTE_PREVIOUS_DETAILS(:cmpCode, :processType)
    </query>
    <query name="REPORT_COMPUTE_TARGET_VS_ACHIEVEMENT_RETAILER_HEADER">
        CALL REPORT_COMPUTE_TARGET_VS_ACHIEVEMENT_RETAILER_HEADER(:cmpCode, :processType)
    </query>
    <query name="REPORT_COMPUTE_TARGET_VS_ACHIEVEMENT_RETAILER_HEADER_PREVIOUS">
        CALL REPORT_COMPUTE_TARGET_VS_ACHIEVEMENT_RETAILER_HEADER_PREVIOUS(:cmpCode, :processType)
    </query>
    <query name="REPORT_COMPUTE_TARGET_VS_ACHIEVEMENT_RETAILER_DETAILS">
        CALL REPORT_COMPUTE_TARGET_VS_ACHIEVEMENT_RETAILER_DETAILS(:cmpCode, :processType)
    </query>
    <query name="REPORT_COMPUTE_TARGET_VS_ACHIEVEMENT_RETAILER_PREVIOUS_DETAILS">
        CALL REPORT_COMPUTE_TARGET_VS_ACHIEVEMENT_RETAILER_PREVIOUS_DETAILS(:cmpCode, :processType)
    </query>
    <query name="REPORT_COMPUTE_CHANNEL_TREND_MONTH_SALES_CMP">
        CALL REPORT_COMPUTE_CHANNEL_TREND_MONTH_SALES_CMP(:cmpCode, :processType)
    </query>
    <query name="REPORT_COMPUTE_BRAND_TREND_MONTH_SALES_CMP">
        CALL REPORT_COMPUTE_BRAND_TREND_MONTH_SALES_CMP(:cmpCode, :processType)
    </query>
    <query name="REPORT_COMPUTE_TREND_MONTH_SALES_MDSR">
        CALL report_compute_trend_month_sales_mdsr(:cmpCode, :processType)
    </query>
    <query name="REPORT_COMPUTE_SALESMANTARGET_MDSR">
        CALL report_compute_salesmantarget_mdsr(:cmpCode, :processType)
    </query>
    <query name="REPORT_COMPUTE_RETAILERDASHBOARD_MDSR">
        CALL report_compute_retailer_dashboard_mdsr(:cmpCode, :processType)
    </query>

</queries>
