<?xml version="1.0" encoding="UTF-8"?>
<queries>
    <query name="INSERT_STOCK_REQUEST_HEADER">
        INSERT INTO stockrequestheader (CmpCode,
                                        DistrCode,
                                        DistrSalesmanCode,
                                        StockReqNo,
                                        ReqStockNo,
                                        ReqStockDate,
                                        RequestDate,
                                        ManagerId,
                                        ManagerName,
                                        ApprovalStatus,
                                        ApprovalDate,
                                        Remarks,
                                        Signature,
                                        UploadFlag,
                                        ModDt)
        VALUES (:cmpCode,
                :distrCode,
                :distrSalesmanCode,
                :stockReqNo,
                :reqStockNo,
                :reqStockDate,
                :requestDate,
                :managerId,
                :managerName,
                :approvalStatus,
                :approvalDate,
                :remarks,
                :signature,
                'N',
                NOW())
        ON DUPLICATE KEY UPDATE ApprovalStatus = VALUES(ApprovalStatus),
                                ApprovalDate   = VALUES(ApprovalDate),
                                Remarks        = VALUES(Remarks),
                                ModDt          = VALUES(ModDt),
                                UploadFlag     = 'N'
    </query>
    <query name="INSERT_STOCK_REQUEST_DETAILS">
        INSERT INTO stockrequestdetails (CmpCode,
                                         DistrCode,
                                         StockReqNo,
                                         ReqStockNo,
                                         ProdCode,
                                         ProdName,
                                         ProdBatchCode,
                                         MRP,
                                         SellPrice,
                                         UomCode,
                                         StockLoadQty,
                                         RequestQty,
                                         ReqStockQty,
                                         ReqStockUOM,
                                         ApprovedStockQty,
                                         ApprovedStockUOM,
                                         ReceivedStockQty,
                                         ReceivedStockUOM,
                                         UploadFlag,
                                         ModDt)
        VALUES (:cmpCode,
                :distrCode,
                :stockReqNo,
                :reqStockNo,
                :prodCode,
                :prodName,
                :prodBatchCode,
                :mrp,
                :sellPrice,
                :uomCode,
                :stockLoadQty,
                :requestQty,
                :reqStockQty,
                :reqStockUOM,
                :approvedStockQty,
                :approvedStockUOM,
                :receivedStockQty,
                :receivedStockUOM,
                'N',
                NOW())
        ON DUPLICATE KEY UPDATE ApprovedStockQty       = VALUES(ApprovedStockQty),
                                ApprovedStockUOM       = VALUES(ApprovedStockUOM),
                                ReceivedStockQty       = VALUES(ReceivedStockQty),
                                ReceivedStockUOM       = VALUES(ReceivedStockUOM),
                                ModDt                  = VALUES(ModDt),
                                UploadFlag             = 'N'

    </query>
    <query name="SFAUSER_FIND_BY_SALESHIERVALUE_AND_TYPE">
        SELECT CmpCode,
               LoginCode,
               UserType,
               UserGroup,
               UserName,
               Password,
               EmailId,
               MobileNo,
               IsActive,
               AppVersion,
               DmsEnable,
               IsNewPassword,
               DistrCode,
               DistrSalesmanCode,
               SalesHierLevel,
               SalesHierValue
        FROM sfauser
        WHERE SalesHierValue = :salesHier
            AND UserType = :userType
    </query>
    <query name="FETCH_SALESMAN_STOCK_REQUEST_HEADER_LIST">
        SELECT  srh.CmpCode           AS cmpCode,
                srh.DistrCode         AS distrCode,
                srh.DistrSalesmanCode AS distrSalesmanCode,
                srh.StockReqNo        AS stockReqNo,
                srh.ReqStockNo        AS reqStockNo,
                srh.ReqStockDate      AS reqStockDate,
                srh.RequestDate       AS requestDate,
                srh.ApprovalStatus    AS approvalStatus,
                srh.ApprovalDate      AS approvalDate,
                srh.Remarks           AS remarks,
                srh.ManagerId         AS managerId,
                srh.ManagerName       AS managerName
        FROM stockrequestheader srh
        WHERE   srh.CmpCode = :cmpCode
            AND srh.DistrCode = :distrCode
            AND srh.DistrSalesmanCode = :salesmanCode
            AND srh.ReqStockDate BETWEEN :startDt AND :endDt
    </query>
    <query name="FETCH_SALESMAN_STOCK_REQUEST_DETAILS_LIST">
        SELECT srd.CmpCode                AS cmpCode,
               srd.DistrCode              AS distrCode,
               srd.StockReqNo             AS stockReqNo,
               srd.ReqStockNo             AS reqStockNo,
               srd.ProdCode               AS prodCode,
               srd.ProdName               AS prodName,
               srd.ProdBatchCode          AS prodBatchCode,
               srd.MRP                    AS mrp,
               srd.SellPrice              AS sellPrice,
               srd.UomCode                AS uomCode,
               srd.StockLoadQty           AS stockLoadQty,
               srd.RequestQty             AS requestQty,
               srd.ReqStockQty            AS reqStockQty,
               srd.ReqStockUOM            AS reqStockUOM,
               srd.ApprovedStockQty       AS approvedStockQty,
               srd.ApprovedStockUOM       AS approvedStockUOM,
               srd.ReceivedStockQty       AS receivedStockQty,
               srd.ReceivedStockUOM       AS receivedStockUOM
        FROM stockrequestheader srh
                INNER JOIN stockrequestdetails srd
                        ON srh.CmpCode = srd.CmpCode
                        AND srh.ReqStockNo = srd.ReqStockNo
        WHERE   srh.CmpCode = :cmpCode
            AND srh.DistrCode = :distrCode
            AND srh.DistrSalesmanCode = :salesmanCode
            AND srh.ReqStockDate BETWEEN :startDt AND :endDt
    </query>
    <query name="FETCH_PRODUCT_UOM_BASED_ON_PRODUCT">
        SELECT CmpCode        AS cmpCode,
               ProdCode       AS prodCode,
               ProdName       AS prodName,
               UOMCode        AS uomCode,
               UOMDescription AS uomDescription,
               UomConvFactor  AS uomConvFactor,
               BaseUOM        AS baseUom
        FROM productuom
        WHERE CmpCode = :cmpCode
    </query>
    <query name="FETCH_STOCK_REQUEST_HEADER_LIST">
        SELECT srh.CmpCode           AS cmpCode,
               srh.DistrCode         AS distrCode,
               srh.DistrSalesmanCode AS distrSalesmanCode,
               srh.StockReqNo        AS stockReqNo,
               srh.ReqStockNo        AS reqStockNo,
               srh.ReqStockDate      AS reqStockDate,
               srh.RequestDate       AS requestDate,
               srh.ApprovalStatus    AS approvalStatus,
               srh.ApprovalDate      AS approvalDate,
               srh.Remarks           AS remarks,
               srh.ManagerId         AS managerId,
               srh.ManagerName       AS managerName,
               s.DistrSalesmanName   AS salesmanName
        FROM stockrequestheader srh
        INNER JOIN salesman s
                ON srh.CmpCode = s.CmpCode
                   AND srh.DistrCode = s.DistrCode
                   AND srh.DistrSalesmanCode = s.DistrSalesmanCode
        WHERE srh.CmpCode = :cmpCode
          AND srh.ManagerId = :managerId
          AND srh.ReqStockDate BETWEEN :startDt AND :endDt
    </query>
    <query name="FETCH_STOCK_REQUEST_DETAILS_LIST">
        SELECT srd.CmpCode                AS cmpCode,
               srd.DistrCode              AS distrCode,
               srd.StockReqNo             AS stockReqNo,
               srd.ReqStockNo             AS reqStockNo,
               srd.ProdCode               AS prodCode,
               srd.ProdName               AS prodName,
               srd.ProdBatchCode          AS prodBatchCode,
               srd.MRP                    AS mrp,
               srd.SellPrice              AS sellPrice,
               srd.UomCode                AS uomCode,
               srd.StockLoadQty           AS stockLoadQty,
               srd.RequestQty             AS requestQty,
               srd.ReqStockQty            AS reqStockQty,
               srd.ReqStockUOM            AS reqStockUOM,
               srd.ApprovedStockQty       AS approvedStockQty,
               srd.ApprovedStockUOM       AS approvedStockUOM,
               srd.ReceivedStockQty       AS receivedStockQty,
               srd.ReceivedStockUOM       AS receivedStockUOM
        FROM stockrequestheader srh
        INNER JOIN stockrequestdetails srd
                ON srh.CmpCode = srd.CmpCode
                   AND srh.ReqStockNo = srd.ReqStockNo
        WHERE srh.CmpCode = :cmpCode
          AND srh.ManagerId = :managerId
          AND srh.ReqStockDate BETWEEN :startDt AND :endDt
    </query>
    <query name="INSERT_STOCK_LOADING_REFERENCE">
        INSERT INTO stockloadingreference (CmpCode,
                                           DistrCode,
                                           DistrSalesmanCode,
                                           StockNo,
                                           StockRefNo,
                                           UploadFlag,
                                           ModDt)
        VALUES (:cmpCode,
                :distrCode,
                :distrSalesmanCode,
                :stockNo,
                :stockRefNo,
                'N',
                NOW())
        ON DUPLICATE KEY UPDATE UploadFlag = VALUES(UploadFlag),
                                ModDt      = VALUES(ModDt)
    </query>
    <query name="INSERT_STOCK_REQUEST_HEADER_FOR_APPROVAL">
        INSERT INTO stockrequestheader (CmpCode,
                                        DistrCode,
                                        DistrSalesmanCode,
                                        StockReqNo,
                                        ReqStockNo,
                                        ReqStockDate,
                                        RequestDate,
                                        ManagerId,
                                        ManagerName,
                                        ApprovalStatus,
                                        ApprovalDate,
                                        Remarks,
                                        Signature,
                                        UploadFlag,
                                        ModDt)
        VALUES (:cmpCode,
                :distrCode,
                :distrSalesmanCode,
                :stockReqNo,
                :reqStockNo,
                :reqStockDate,
                :requestDate,
                :managerId,
                :managerName,
                :approvalStatus,
                :approvalDate,
                :remarks,
                :signature,
                'N',
                NOW())
        ON DUPLICATE KEY UPDATE ManagerId      = VALUES(ManagerId),
                                ManagerName    = VALUES(ManagerName),
                                ApprovalStatus = VALUES(ApprovalStatus),
                                ApprovalDate   = VALUES(ApprovalDate),
                                Remarks        = VALUES(Remarks),
                                ModDt          = VALUES(ModDt),
                                UploadFlag     = 'N'
    </query>
    <query name="FETCH_SALESMAN_PENDING_STOCK_FOR_APPROVAL">
        SELECT 	    srh.CmpCode			    AS cmpCode,
                    srh.DistrCode		    AS distrCode,
                    srh.DistrSalesmanCode   AS distrSalesmanCode,
                    srh.StockReqNo  	    AS stockReqNo,
                    srh.ReqStockNo			AS reqStockNo,
                    srh.ReqStockDate 	    AS reqStockDate,
                    NOW()  				    AS requestDate,
                    sfa.SalesHierValue      AS managerId,
                    sfa.UserName       	    AS managerName,
                    NULL               	    AS approvalDate,
                    'P'                	    AS approvalStatus,
                    srh.ManagerId	    	AS requestManagerId
        FROM stockrequestheader srh
            INNER JOIN stockrequestdetails srd
                    ON srh.CmpCode = srd.CmpCode
                    AND srh.ReqStockNo = srd.ReqStockNo
            INNER JOIN sfauser su
                    ON su.CmpCode = srh.CmpCode
                    AND su.UserName = srh.ManagerName
            INNER JOIN salesforcehiervalue sfhv
                    ON su.CmpCode = sfhv.CmpCode
                    AND su.salesHierValue = sfhv.salesForceCode
            INNER JOIN salesforcehiervalue sfhv1
                    ON sfhv.CmpCode = sfhv1.CmpCode
                    AND sfhv.parentCode = sfhv1.salesForceCode
            INNER JOIN sfauser sfa
                    ON sfhv1.CmpCode = sfa.CmpCode
                    AND  sfhv1.salesForceCode = sfa.SalesHierValue
        WHERE 	srh.ApprovalStatus = 'P'
            AND srh.ReqStockDate &lt;= NOW() - INTERVAL 2 DAY
    </query>
    <query name="UPDATE_SALESMAN_PENDING_STOCK_FOR_APPROVAL">
        UPDATE stockrequestheader srh
            SET srh.ApprovalStatus = 'N',
                srh.ApprovalDate   = CURDATE(),
                srh.UploadFlag     = 'N',
                srh.ModDt          = NOW()
        WHERE   srh.CmpCode =:cmpCode
            AND srh.ReqStockDate =:reqStockDate
            AND srh.ManagerId =:requestManagerId
            AND srh.ApprovalStatus = 'P'
    </query>
    <query name="FETCH_SALESMAN_PENDING_STOCK_FOR_APPROVAL_LAST_LEVEL">
        SELECT 	srh.CmpCode			  AS cmpCode,
                srh.DistrCode		  AS distrCode,
                srh.DistrSalesmanCode AS distrSalesmanCode,
                srh.StockReqNo  	  AS stockReqNo,
                srh.ReqStockDate      AS reqStockDate,
                srh.RequestDate       AS requestDate,
                srh.ApprovalStatus    AS approvalStatus,
                srh.ApprovalDate      AS approvalDate,
                srh.Remarks           AS remarks,
                srh.ManagerId         AS managerId,
                srh.ManagerName       AS managerName
        FROM stockrequestheader srh
            INNER JOIN stockrequestdetails srd
                    ON srh.CmpCode = srd.CmpCode
                    AND srh.ReqStockNo = srd.ReqStockNo
            INNER JOIN sfauser su
                    ON su.CmpCode = srh.CmpCode
                    AND su.UserName = srh.ManagerName
            INNER JOIN salesforcehiervalue sfhv
                    ON su.CmpCode = sfhv.CmpCode
                    AND su.SalesHierValue = sfhv.salesForceCode
                    AND (sfhv.ParentCode IS NULL
                    OR sfhv.ParentCode = '')
        WHERE 	srh.ApprovalStatus = 'P'
            AND srh.ReqStockDate &lt;= NOW() - INTERVAL 2 DAY
    </query>
    <query name="UPDATE_SALESMAN_PENDING_STOCK_FOR_APPROVAL_LAST_LEVEL">
        UPDATE stockrequestheader srh
            INNER JOIN stockrequestdetails srd
                    ON srh.CmpCode = srd.CmpCode
                    AND srh.ReqStockNo = srd.ReqStockNo
            INNER JOIN sfauser su
                    ON su.CmpCode = srh.CmpCode
                    AND su.UserName = srh.ManagerName
            INNER JOIN salesforcehiervalue sfhv
                    ON su.CmpCode = sfhv.CmpCode
                    AND su.SalesHierValue = sfhv.salesForceCode
                    AND (sfhv.ParentCode IS NULL
                    OR sfhv.ParentCode = '')
        SET srh.ApprovalStatus = 'S',
            srh.ApprovalDate = CURDATE(),
            srh.ModDt = NOW()
        WHERE 	srh.ApprovalStatus = 'P'
            AND srh.ReqStockDate &lt;= NOW() - INTERVAL 2 DAY
    </query>
    <query name="FETCH_SALESMAN_CURRENT_DAY_PENDING_STOCK_FOR_APPROVAL">
        SELECT 	    srh.CmpCode			    AS cmpCode,
                    srh.DistrCode		    AS distrCode,
                    srh.DistrSalesmanCode   AS distrSalesmanCode,
                    srh.StockReqNo  	    AS stockReqNo,
                    srh.ReqStockNo			AS reqStockNo,
                    srh.ReqStockDate 	    AS reqStockDate,
                    NOW()  				    AS requestDate,
                    sfa.SalesHierValue      AS managerId,
                    sfa.UserName       	    AS managerName,
                    NULL               	    AS approvalDate,
                    'P'                	    AS approvalStatus,
                    srh.ManagerId	    	AS requestManagerId
        FROM stockrequestheader srh
            INNER JOIN stockrequestdetails srd
                    ON srh.CmpCode = srd.CmpCode
                    AND srh.ReqStockNo = srd.ReqStockNo
            INNER JOIN sfauser su
                    ON su.CmpCode = srh.CmpCode
                    AND su.UserName = srh.ManagerName
            INNER JOIN salesforcehiervalue sfhv
                    ON su.CmpCode = sfhv.CmpCode
                    AND su.salesHierValue = sfhv.salesForceCode
            INNER JOIN salesforcehiervalue sfhv1
                    ON sfhv.CmpCode = sfhv1.CmpCode
                    AND sfhv.parentCode = sfhv1.salesForceCode
            INNER JOIN sfauser sfa
                    ON sfhv1.CmpCode = sfa.CmpCode
                    AND  sfhv1.salesForceCode = sfa.SalesHierValue
        WHERE 	srh.ApprovalStatus = 'P'
            AND RequestDate &lt;= NOW() - INTERVAL 2 HOUR
            AND ReqStockDate = CURDATE()
    </query>
    <query name="FETCH_SALESMAN_PENDING_STOCK_CURRENT_DAY_APPROVAL_LAST_LEVEL">
        SELECT 	srh.CmpCode			  AS cmpCode,
                srh.DistrCode		  AS distrCode,
                srh.DistrSalesmanCode AS distrSalesmanCode,
                srh.StockReqNo  	  AS stockReqNo,
                srh.ReqStockDate      AS reqStockDate,
                srh.RequestDate       AS requestDate,
                srh.ApprovalStatus    AS approvalStatus,
                srh.ApprovalDate      AS approvalDate,
                srh.Remarks           AS remarks,
                srh.ManagerId         AS managerId,
                srh.ManagerName       AS managerName
        FROM stockrequestheader srh
            INNER JOIN stockrequestdetails srd
                    ON srh.CmpCode = srd.CmpCode
                    AND srh.ReqStockNo = srd.ReqStockNo
            INNER JOIN sfauser su
                    ON su.CmpCode = srh.CmpCode
                    AND su.UserName = srh.ManagerName
            INNER JOIN salesforcehiervalue sfhv
                    ON su.CmpCode = sfhv.CmpCode
                    AND su.SalesHierValue = sfhv.salesForceCode
                    AND (sfhv.ParentCode IS NULL
                    OR sfhv.ParentCode = '')
        WHERE 	srh.ApprovalStatus = 'P'
            AND srh.RequestDate &lt;= NOW() - INTERVAL 2 HOUR
            AND srh.ReqStockDate = CURDATE()
    </query>
    <query name="UPDATE_SALESMAN_PENDING_STOCK_CURRENT_DAY_APPROVAL_LAST_LEVEL">
        UPDATE stockrequestheader srh
            INNER JOIN stockrequestdetails srd
                    ON srh.CmpCode = srd.CmpCode
                    AND srh.ReqStockNo = srd.ReqStockNo
            INNER JOIN sfauser su
                    ON su.CmpCode = srh.CmpCode
                    AND su.UserName = srh.ManagerName
            INNER JOIN salesforcehiervalue sfhv
                    ON su.CmpCode = sfhv.CmpCode
                    AND su.SalesHierValue = sfhv.salesForceCode
                    AND (sfhv.ParentCode IS NULL
                    OR sfhv.ParentCode = '')
        SET srh.ApprovalStatus = 'S',
            srh.ApprovalDate = CURDATE(),
            srh.ModDt = NOW()
        WHERE 	srh.ApprovalStatus = 'P'
            AND srh.RequestDate &lt;= NOW() - INTERVAL 2 HOUR
            AND srh.ReqStockDate = CURDATE()
    </query>
</queries>
