<?xml version="1.0" encoding="UTF-8"?>
<queries>
    <query name="FETCH_TASK_PRIORITY_MASTER_ENTITY">
        SELECT CmpCode,
               PriorityCode,
               PriorityName,
               UploadFlag,
               ModDt
        FROM taskprioritymaster
        WHERE CmpCode = :cmpCode
    </query>
    <query name="FETCH_TASK_STATUS_MASTER_ENTITY">
        SELECT CmpCode,
               TaskStatusCode,
               TaskStatusName,
               StatusType,
               UploadFlag,
               ModDt
        FROM taskstatusmaster
        WHERE CmpCode = :cmpCode
          AND StatusType NOT IN ('D')
    </query>
    <query name="INSERT_TASK_TRACKER" >
        INSERT INTO taskTracker(CmpCode,
                                TaskId,
                                Title,
                                AssignedTo,
                                AssignedUserType,
                                TaskCreationDate,
                                TaskStatus,
                                TaskPriority,
                                TaskCreatedBy,
                                TaskTargetDate,
                                TaskCompleteDate,
                                TaskSnoozeTime,
                                Description,
                                UploadFlag,
                                ModDt)
        VALUES(:cmpCode,
               :taskId,
               :title,
               :assignedTo,
               :assignedUserType,
               NOW(),
               :taskStatus,
               :taskPriority,
               :taskCreatedBy,
               :taskTargetDate,
               IF(:taskStatus = 'C' , CURDATE(), NULL),
               :taskSnoozeTime,
               :description,
               'N',
               NOW()
              )
        ON DUPLICATE KEY UPDATE TaskCompleteDate = VALUES(TaskCompleteDate),
                                TaskStatus = VALUES(TaskStatus),
                                ModDt      = VALUES(ModDt),
                                UploadFlag = 'N'
    </query>
    <query name="INSERT_TASK_ASSIGNMENT" >
        INSERT INTO taskassignment(CmpCode,
                                   TaskId,
                                   AssignedTo,
                                   TaskTime,
                                   TaskStatus,
                                   UploadFlag,
                                   ModDt)
        VALUES (:cmpCode,
                :taskId,
                :assignedTo,
                NOW(),
                :taskStatus,
                'N',
                NOW()
               )
        ON DUPLICATE KEY UPDATE ModDt = VALUES(ModDt),
                                UploadFlag = 'N'
    </query>
    <query name="FETCH_TASK_COMPLITION_LIST" >
        SELECT  CmpCode,
                TaskId,
                Title,
                AssignedTo,
                AssignedUserType,
                TaskCreationDate,
                TaskStatus,
                TaskPriority,
                TaskCreatedBy,
                TaskTargetDate,
                TaskCompleteDate,
                TaskSnoozeTime,
                Description,
                UploadFlag,
                ModDt
        FROM taskTracker
            WHERE CmpCode = :cmpCode
                    AND AssignedTo = :UserCode
                    AND TaskStatus = 'C'
                    AND TaskCompleteDate BETWEEN :startDt AND :endDt
            ORDER BY TaskCompleteDate DESC
    </query>
    <query name="FETCH_SFLEVELNAME_LIST_BASED_LOGINCODE">
        SELECT DISTINCT sl.sflevelName
        FROM sfauser sfa
        INNER JOIN salesforcehiervalue sf
                ON sfa.CmpCode = sf.cmpCode
                   AND sfa.SalesHierValue = sf.salesForceCode
        INNER JOIN salesforcehierlevel sl
                ON sf.cmpCode = sl.cmpCode
                   AND sf.sflevelCode = sl.sflevelCode
        WHERE sl.sflevelCode > (SELECT sh.sflevelCode
                                FROM sfauser sa
                                INNER JOIN salesforcehiervalue sh
                                        ON sa.CmpCode = sh.cmpCode
                                           AND sa.SalesHierValue = sh.salesForceCode
                                WHERE  sa.LoginCode = :UserCode)
        AND sfa.CmpCode = :cmpCode
    </query>
    <query name="FETCH_TASK_PENDING">
        SELECT TaskId,
               Title,
               TaskCreationDate,
               TaskStatus,
               TaskPriority,
               AssignedTo,
               AssignedUserType,
               TaskCreatedBy,
               TaskTargetDate,
               TaskSnoozeTime,
               Description
        FROM tasktracker
        WHERE CmpCode = :cmpCode
          AND AssignedTo = :UserCode
          AND TaskStatus NOT IN ('C')
        ORDER BY TaskCreationDate DESC
    </query>
    <query name="FETCH_TASK_TRACKER_CURRENT_DATE">
        SELECT t.CmpCode,
               t.AssignedTo,
               t.AssignedUserType,
               s.UserName,
               COUNT(t.AssignedTo) AS taskCount
        FROM tasktracker t
        INNER JOIN sfauser s
                ON t.CmpCode = s.CmpCode
                   AND t.AssignedTo = s.LoginCode
        WHERE TaskStatus NOT IN ('C')
          AND TaskTargetDate = CURDATE()
        GROUP BY t.CmpCode , t.AssignedTo , s.UserName, t.AssignedUserType
    </query>
    <query name="FETCH_TASK_TRACKER_PREVIOUS_DATE">
        SELECT  t.CmpCode,
                t.AssignedTo,
                s.UserName,
                t.AssignedUserType,
                COUNT(t.AssignedTo) AS taskCount
        FROM tasktracker t
        INNER JOIN sfauser s
                ON t.CmpCode = s.CmpCode
                   AND t.AssignedTo = s.LoginCode
        WHERE TaskTargetDate = CURDATE()-1
          AND TaskStatus  NOT IN ('C')
        GROUP BY t.CmpCode , t.AssignedTo , s.UserName, t.AssignedUserType
    </query>
    <query name="FETCH_TASK_TARGET_DATE" >
        SELECT  t.CmpCode,
                t.AssignedTo,
                s.UserName,
                t.TaskSnoozeTime,
                t.AssignedUserType,
                COUNT(t.AssignedTo) AS taskCount
        FROM tasktracker t
        INNER JOIN sfauser s
                ON t.CmpCode = s.CmpCode
                   AND t.AssignedTo = s.LoginCode
        WHERE TaskTargetDate = CURDATE()
          AND TaskStatus NOT IN ('C')
        GROUP BY t.CmpCode , t.AssignedTo , s.UserName, t.TaskSnoozeTime, t.AssignedUserType
    </query>
    <query name="FETCH_TASK_USER_LIST">
        SELECT code, description
        FROM taskUserList
        WHERE cmpCode =:cmpCode
    </query>
    <query name="FETCH_CMP_USER_LIST_BASED_LOGIN_CODE">
        SELECT sfa.LoginCode,
               sfa.UserName,
               sfa.UserType
        FROM sfauser sfa
        INNER JOIN salesforcehiervalue sf
                ON sfa.CmpCode = sf.cmpCode
                   AND sfa.SalesHierValue = sf.salesForceCode
        INNER JOIN salesforcehierlevel sl
                ON sf.cmpCode = sl.cmpCode
        AND sf.sflevelCode = sl.sflevelCode
        WHERE sf.sflevelCode > (SELECT sh.sflevelCode
                                FROM sfauser sa
                                INNER JOIN salesforcehiervalue sh
                                        ON sa.CmpCode = sh.cmpCode
                                           AND sa.SalesHierValue = sh.salesForceCode
                                WHERE  sa.LoginCode = :UserCode)
        AND sfa.CmpCode = :cmpCode
        AND sfa.userType = :userType
    </query>
    <query name="FETCH_DSR_DLV_USER_LIST_BASED_USERTYPE">
        SELECT DISTINCT su.LoginCode,
                        su.UserName,
                        su.UserType
        FROM sfauser su
        INNER JOIN distributorsaleshierarchy dsh
                ON su.CmpCode = dsh.CmpCode
        INNER JOIN salesman s
                ON su.CmpCode = s.CmpCode
                   AND dsh.CmpCode = s.CmpCode
                   AND dsh.DistrCode = s.DistrCode
                   AND su.UserType = s.usertype
        INNER JOIN taskuserlist tul
                ON su.CmpCode = tul.CmpCode
                   AND dsh.CmpCode = tul.CmpCode
                   AND su.UserType = tul.Code
        WHERE su.CmpCode = :cmpCode
          AND tul.Code = :userType
          AND s.DistrCode IN (SELECT DistrCode
                              FROM distributorsaleshierarchy
                              WHERE SalesHierPath LIKE CONCAT('%/', (SELECT SalesHierValue
                                                                     FROM sfauser
                                                                     WHERE LoginCode = :UserCode) , '/%'))
        AND su.DistrSalesmanCode LIKE (CONCAT(dsh.DistrCode, '~', s.DistrSalesmanCode))
    </query>
</queries>
