<?xml version="1.0" encoding="UTF-8"?>
<queries>
    <query name = "FETCH_COLLECTION">
        SELECT  c.CmpCode,
                c.DistrCode,
                c.CollectionNo,
                c.sfaCollectionNo,
                c.CollectionMode,
                c.DistrSalesmanCode,
                c.UserType,
                c.SsmType,
                c.InvoiceNumber,
                c.RouteCode,
                c.CustomerCode,
                c.CollectionType,
                c.CollectionDt,
                c.CollectionAmt,
                c.InstrumentNo,
                c.InstrumentDt,
                c.RtrBankCode,
                c.RtrBankBrCode,
                c.RtrBankName,
                c.UploadFlag,
                c.ModDt
        FROM collection c
                WHERE   c.CmpCode = :cmpCode
                    AND c.modDt &gt; :lastSyncTime
                    AND CollectionMode NOT IN ('OP') LIMIT :limit
    </query>
    <query name = "FETCH_ORDERBOOKINGHEADER">
        SELECT      ob1.CmpCode,
                    ob1.DistrCode,
                    ob1.OrderNo,
                    ob1.SfaOrderNo,
                    ob1.DistrSalesmanCode,
                    ob1.RouteCode,
                    ob1.CustomerCode,
                    ob1.OrderDt,
                    ob1.Remarks,
                    ob1.Latitude,
                    ob1.Longitude,
                    ob1.StartTime,
                    ob1.EndTime,
                    ob1.Digitalsignature,
                    ob1.TotalOrderValue,
                    ob1.preferredDeliveryDate,
                    ob1.UploadFlag,
                    ob1.ModDt,
                    ob1.customerShipCode,
                    ob1.newCustomerFlag,
                    ob1.TotDBDiscAmt,
                    ob1.TotCashDiscAmt
            FROM orderbookingheader ob1
        WHERE   ob1.newCustomerFlag='Y'
            AND ob1.CmpCode = :cmpCode
            AND ob1.modDt &gt; :lastSyncTime LIMIT :limit
    </query>
    <query name = "FETCH_ORDERBOOKING_DETAILS">
        SELECT      od1.CmpCode,
                    od1.DistrCode,
                    od1.OrderNo,
                    od1.SfaOrderNo,
                    od1.ProdCode,
                    od1.ProdBatchCode,
                    od1.OrderQty,
                    od1.UomCode,
                    od1.UploadFlag,
                    od1.ModDt,
                    od1.OrderValue,
                    od1.inputStr,
                    od1.Mrp,
                    od1.orderFocQty,
                    od1.orderFocQtyInputStr,
                    od1.SellRate,
                    od1.dBDiscPerc,
                    od1.dBDiscAmt,
                    od1.cashDiscAmt,
                    od1.cashDiscPerc
            FROM orderbookingdetails od1
        WHERE   od1.CmpCode = :cmpCode
            AND od1.modDt &gt; :lastSyncTime
            AND od1.newCustomerFlag='Y'
            AND od1.UploadFlag = 'N'
    </query>
    <query name = "FETCH_SALESRETURN_DETAILS">
        SELECT      sd.CmpCode,
                    sd.DistrCode,
                    sd.SalesReturnNo,
                    sd.InvoiceNumber,
                    sd.ProdCode,
                    sd.ProdBatchCode,
                    sd.ReturnQty,
                    sd.StockType,
                    sd.Mrp,
                    sd.ReasonCode,
                    sd.UploadFlag,
                    sd.ModDt,
                    sd.imagePath
        FROM salesreturndetails sd
                WHERE   sd.CmpCode = :cmpCode
                    AND sd.modDt &gt; :lastSyncTime
                    AND sd.UploadFlag = 'N' LIMIT :limit
    </query>
    <query name = "FETCH_SALESRETURN_HEADER">
        SELECT      sh.CmpCode,
                    sh.DistrCode,
                    sh.SalesReturnNo,
                    sh.DistrSalesmanCode,
                    sh.UserType,
                    sh.SsmType,
                    sh.RouteCode,
                    sh.CustomerCode,
                    sh.ReturnDt,
                    sh.Remarks,
                    sh.UploadFlag,
                    sh.ModDt,
                    sh.ReturnType,
                    sh.invoiceNumber,
                    sh.startTime,
                    sh.endTime,
                    sh.SyncTime,
                    sh.Latitude,
                    sh.Longitude
        FROM salesreturnheader sh
                WHERE   sh.CmpCode = :cmpCode
                    AND sh.modDt &gt; :lastSyncTime
                    AND sh.UploadFlag = 'N' LIMIT :limit
    </query>
    <query name = "FETCH_SURVEY_RESPONSE">
        SELECT      sr.CmpCode,
                    sr.DistrCode,
                    sr.SurveyResponseCode,
                    sr.SfaResponseCode,
                    sr.DistrSalesmanCode,
                    sr.RouteCode,
                    sr.CustomerCode,
                    sr.SurveyCode,
                    sr.QuestionCode,
                    sr.Answer,
                    sr.Latitude,
                    sr.Longitude,
                    sr.ImagePath,
                    sr.UploadFlag,
                    sr.ModDt
        FROM surveyresponse sr
                WHERE   sr.CmpCode = :cmpCode
                    AND sr.UploadFlag = 'N'
                    AND sr.modDt &gt; :lastSyncTime LIMIT :limit
    </query>
    <query name = "FETCH_CUSTOMER_LOCATION">
        SELECT      clu.CmpCode,
                    clu.DistrCode,
                    clu.DistrSalesmanCode,
                    clu.RouteCode,
                    clu.CustomerCode,
                    clu.UpdateDt,
                    clu.Latitude,
                    clu.Longitude,
                    clu.UploadFlag,
                    clu.ModDt,
                    clu.ImagePath,
                    clu.postalCode,
                    clu.mobileNo,
                    clu.updateFlag
        FROM customerlocationupdate clu
                WHERE   clu.CmpCode = :cmpCode
                    AND clu.UploadFlag = 'N'
                    AND clu.modDt &gt; :lastSyncTime LIMIT :limit
    </query>
    <query name = "FETCH_PURCHASE_ORDER">
        SELECT      at.CmpCode,
                    at.DistrCode,
                    at.orderNo,
                    at.sfaOrderNo,
                    at.orderDate,
                    at.prodCode,
                    at.prodBatchCode,
                    at.orderQty,
                    at.uomCode,
                    at.purPrice,
                    at.taxAmt,
                    at.orderValue,
                    at.supplierCode
        FROM purchaseorder at
                WHERE   at.CmpCode = :cmpCode
                    AND at.UploadFlag = 'N'
                    AND at.modDt &gt; :lastSyncTime LIMIT :limit
    </query>
    <query name = "FETCH_TEMP_CUSTOMER">
        SELECT 		tc.CmpCode,
                    tc.DistrCode,
                    tc.CustomerCode,
                    tc.DistrSalesmanCode,
                    tc.RouteCode,
                    tc.CustomerName,
                    tc.Address,
                    tc.Address2,
                    tc.Address3,
                    tc.City,
                    tc.State,
                    tc.MobileNumber,
                    tc.PhoneNumber,
                    tc.ChannelCode,
                    tc.SubChannelCode,
                    tc.GroupCode,
                    tc.ClassCode,
                    tc.Latitude,
                    tc.Longitude,
                    tc.ImagePath,
                    tc.ContactPerson,
                    tc.PostalCode,
                    tc.RetailerType,
                    tc.PanNo,
                    tc.GSTTinNo,
                    tc.UploadFlag,
                    tc.ModDt,
                    tc.sharedFlag,
                    tc.cmpCustomerCode,
                    tc.DrugLicNo AS drugLicenseNumber,
                    tc.DrugLicExpiryDate  AS drugLicenseExpiryDate,
                    tc.CreatedDt,
                    tc.editFlag,
                    tc.Barcode
        FROM tempcustomer tc
                WHERE   tc.CmpCode = :cmpCode
                    AND tc.modDt &gt; :lastSyncTime
                    AND tc.UploadFlag = 'N' LIMIT :limit
    </query>
    <query name = "FETCH_NEW_ORDER_HEADER">
        SELECT      ob.CmpCode,
                    ob.DistrCode,
                    ob.OrderNo,
                    ob.SfaOrderNo,
                    ob.DistrSalesmanCode,
                    ob.RouteCode,
                    ob.CustomerCode,
                    ob.OrderDt,
                    ob.Remarks,
                    ob.Latitude,
                    ob.Longitude,
                    ob.StartTime,
                    ob.EndTime,
                    ob.Digitalsignature,
                    ob.UploadFlag,
                    ob.ModDt,
                    '' AS customerShipCode,
                    ob.newCustomerFlag
        FROM orderbookingheader ob
            WHERE   ob.CmpCode = :cmpCode
                AND ob.newCustomerFlag='N'
                AND ob.CustomerCode IN ( :customerList)
                AND ob.UploadFlag = 'N'
    </query>
    <query name = "FETCH_NEW_ORDER_DETAILS">
        SELECT      od.CmpCode,
                    od.DistrCode,
                    od.OrderNo,
                    od.SfaOrderNo,
                    od.ProdCode,
                    od.ProdBatchCode,
                    od.OrderQty,
                    od.UomCode,
                    od.UploadFlag,
                    od.ModDt,
                    od.OrderValue,
                    od.inputStr
        FROM orderbookingdetails od
            INNER JOIN orderbookingheader ob
                    ON  od.cmpCode=ob.cmpCode
                    AND ob.distrCode=od.distrCode
                    AND ob.orderNo=od.orderNo
                    AND ob.UploadFlag = 'N'
                    AND ob.newCustomerFlag='N'
         WHERE  od.CmpCode = :cmpCode
            AND ob.CustomerCode IN ( :customerList)
            AND od.UploadFlag = 'N'
            AND od.newCustomerFlag='N'
    </query>
    <query name = "FETCH_CONFIGURATION">
        SELECT      c.Code
        FROM configuration c
            WHERE   c.TableName = :tableName
    </query>
    <query name = "FETCH_CS_ORDERBOOKING_HEADER">
        SELECT      ob.CmpCode,
                    ob.DistrCode,
                    ob.OrderNo,
                    ob.SfaOrderNo,
                    ob.DistrSalesmanCode,
                    ob.RouteCode,
                    ob.CustomerCode,
                    ob.OrderDt,
                    ob.Remarks,
                    ob.Latitude,
                    ob.Longitude,
                    ob.StartTime,
                    ob.EndTime,
                    ob.Digitalsignature,
                    ob.preferredDeliveryDate,
                    ob.UploadFlag,
                    now() as ModDt,
                    '' AS customerShipCode,
                    ob.newCustomerFlag
        FROM orderbookingheader ob
            WHERE   ob.CmpCode = :cmpCode
                AND ob.UploadFlag = 'N'
                And ob.ModDt &gt; :lastSyncTime LIMIT :limit
    </query>
    <query name = "FETCH_CS_ORDERBOOKING_DETAILS">
        SELECT  od.CmpCode,
                od.DistrCode,
                od.OrderNo,
                od.SfaOrderNo,
                od.ProdCode,
                od.ProdBatchCode,
                od.OrderQty,
                od.UomCode,
                od.UploadFlag,
                now() as ModDt,
                od.OrderValue
        FROM orderbookingdetails od
            WHERE    od.CmpCode = :cmpCode
                AND  od.modDt &gt; :lastSyncTime
                AND  od.UploadFlag = 'N' LIMIT :limit
    </query>
    <query name="FETCH_DEFAULT_ORDER">
        SELECT  oh.CmpCode,
                oh.DistrCode,
                oh.OrderNo,
                oh.SfaOrderNo,
                dop.ProdCode,
                dop.ProdBatchCode,
                dop.OrderQty,
                dop.UomCode,
                'N'   AS UploadFlag,
                NOW() AS ModDt,
                0.00  AS OrderValue
        FROM orderbookingheader oh
            INNER JOIN customermaster cm
                    ON  oh.CmpCode = cm.CmpCode
                    AND oh.DistrCode = cm.DistrCode
                    AND oh.CustomerCode = cm.CustomerCode
            INNER JOIN defaultorderproduct dop
                    ON  cm.CmpCode = dop.CmpCode
                    AND cm.ChannelCode = dop.ChannelCode
                    AND cm.SubChannelCode = dop.SubChannelCode
                    AND cm.GroupCode = dop.GroupCode
                    AND cm.ClassCode = dop.ClassCode
                    AND dop.ActiveStatus = 'Y'
        WHERE   oh.CmpCode = :cmpCode
            AND oh.UploadFlag = 'N'
            AND oh.modDt &gt; :lastSyncTime LIMIT :limit
    </query>
    <query name = "FETCH_STOCK_CAPTURE">
        SELECT  sc.CmpCode,
                sc.DistrCode,
                sc.CustomerCode,
                sc.ProdCode,
                sc.AvailableQty,
                sc.PrevAvailableQty,
                sc.UomCode,
                sc.UploadFlag,
                sc.ModDt
        FROM stockcapture sc
            WHERE   sc.CmpCode = :cmpCode
                AND sc.modDt &gt; :lastSyncTime
                AND sc.UploadFlag = 'N' LIMIT :limit
    </query>
    <query name = "FETCH_NO_VISIT_REASON">
        SELECT  nv.CmpCode,
                nv.DistrCode,
                nv.DistrSalesmanCode,
                nv.CustomerCode,
                nv.VisitDt,
                nv.Reason,
                nv.UploadFlag,
                nv.ModDt
        FROM novisitreason nv
            WHERE   nv.CmpCode = :cmpCode
                AND nv.modDt &gt; :lastSyncTime
                AND nv.UploadFlag = 'N' LIMIT :limit
    </query>
    <query name = "FETCH_FEED_BACK">
        SELECT  fb.CmpCode,
                fb.DistrCode,
                fb.FeedbackNo,
                fb.DistrSalesmanCode,
                fb.RouteCode,
                fb.CustomerCode,
                fb.FeedbackType,
                fb.Message,
                fb.ImagePath,
                fb.UploadFlag,
                fb.ModDt,
                fb.Latitude,
                fb.Longitude,
                fb.StartTime,
                fb.EndTime,
                fb.feedBackDt
        FROM feedback fb
            WHERE   fb.CmpCode = :cmpCode
                AND fb.modDt &gt; :lastSyncTime
                AND fb.UploadFlag = 'N' LIMIT :limit
    </query>
    <query name = "FETCH_SALESMAN_TRACKER">
        SELECT  st.CmpCode,
                st.DistrCode,
                st.DistrSalesmanCode,
                st.RouteCode,
                st.CustomerCode,
                st.CoverageDt,
                st.TodaysBeat,
                st.OrderVisit,
                st.ReturnVisit,
                st.StockVisit,
                st.CollectionVisit,
                st.SurveyVisit,
                st.SyncVisit,
                st.BillVisit,
                st.Latitude,
                st.Longitude,
                st.StartTime,
                st.EndTime,
                st.UploadFlag,
                st.ModDt
        FROM salesmantracker st
            WHERE   st.CmpCode = :cmpCode
                AND st.modDt &gt; :lastSyncTime
                AND st.UploadFlag = 'N' LIMIT :limit
    </query>
    <query name = "FETCH_STOCK_SOS_DETAILS">
        SELECT  sosd.CmpCode,
                sosd.DistrCode,
                sosd.RefNo,
                sosd.DistrSalesmanCode,
                sosd.RouteCode,
                sosd.CustomerCode,
                sosd.SOSDate,
                sosd.CategoryCode,
                sosd.SubCategoryCode,
                sosd.IndustrySOS,
                sosd.CompetitorSOS,
                sosd.UploadFlag,
                sosd.ModDt
        FROM stocksosdetail sosd
            WHERE   sosd.CmpCode = :cmpCode
                AND sosd.modDt &gt; :lastSyncTime
                AND sosd.UploadFlag = 'N' LIMIT :limit
    </query>
    <query name = "FETCH_CUSTOMER_FOR_APPROVAL">
        SELECT  tc.CmpCode,
                tc.DistrCode,
                tc.CustomerCode,
                tc.DistrSalesmanCode,
                tc.RouteCode,
                tc.CustomerName,
                tc.Address,
                tc.Address2,
                tc.Address3,
                tc.City,
                tc.State,
                tc.MobileNumber,
                tc.PhoneNumber,
                tc.ChannelCode,
                tc.SubChannelCode,
                tc.GroupCode,
                tc.ClassCode,
                tc.Latitude,
                tc.Longitude,
                tc.ImagePath,
                tc.ContactPerson,
                tc.PostalCode,
                tc.RetailerType,
                tc.PanNo,
                tc.GSTTinNo,
                tc.UploadFlag,
                tc.ModDt,
                tc.cmpCustomerCode,
                tc.sharedFlag ,
                tc.DrugLicNo AS drugLicenseNumber,
                tc.DrugLicExpiryDate  AS drugLicenseExpiryDate,
                tc.CreatedDt,
                tc.barcode
        FROM tempcustomer tc
            WHERE   tc.cmpCode = :cmpCode
                AND tc.modDt &gt; :lastSyncTime
                AND ApprovalFlag='N' LIMIT :limit
    </query>
    <query name = "FETCH_CUSTOMERIMAGE">
        SELECT  od.CmpCode,
                od.DistrCode,
                od.customerCode,
                od.imageId,
                od.imagePath
        FROM tempcustomerimage od
            Where   od.CmpCode = :cmpCode
                AND od.modDt &gt; :lastSyncTime
                And od.UploadFlag = 'N' LIMIT :limit
    </query>
    <query name = "FETCH_DISTRIBUTOR_LOCATION_UPDATE">
        SELECT  clu.CmpCode,
                clu.DistrCode,
                clu.UpdateDt,
                clu.Latitude,
                clu.Longitude,
                clu.UploadFlag,
                clu.ModDt,
                clu.ImagePath,
                clu.postalCode
        FROM distrlocationupdate clu
            WHERE    clu.CmpCode = :cmpCode
                AND  clu.modDt &gt; :lastSyncTime
                AND clu.UploadFlag = 'N' LIMIT :limit
    </query>
    <query name = "FETCH_INVOICEHEADER">
        SELECT  CmpCode,
                DistrCode,
                OrderNo,
                OrderDt,
                DistrSalesmanCode,
                UserType,
                SsmType,
                BalanceOs,
                CustomerCode,
                RouteCode,
                Remarks,
                Latitude,
                Longitude,
                StartTime,
                EndTime,
                TotalDiscount,
                TotalTax,
                TotalOrderValue,
                modDt
        FROM invoiceheader
            WHERE   CmpCode = :cmpCode
                AND modDt &gt; :lastSyncTime
                AND UploadFlag = 'N' LIMIT :limit
    </query>
    <query name = "FETCH_INVOICEDETAILS">
        SELECT  CmpCode,
                DistrCode,
                OrderNo,
                ProdCode,
                ProdBatchCode,
                OrderQty,
                UomCode,
                SellRate,
                OrderValue,
                SchAmt,
                TaxAmt,
                TaxCode,
                CgstPerc,
                CgstAmt,
                SgstPerc,
                SgstAmt,
                UgstPerc,
                UgstAmt,
                IgstPerc,
                IgstAmt,
                modDt
        FROM invoicedetails
            WHERE   CmpCode = :cmpCode
                AND modDt &gt; :lastSyncTime
                AND UploadFlag = 'N'
                AND OrderNo in (:orderNo) LIMIT :limit
    </query>
    <query name = "FETCH_INVOICE_SCHEMEDETAILS">
        SELECT  CmpCode,
                DistrCode,
                OrderNo,
                SchemeCode,
                SlabNo,
                FreeProdCode,
                FreeQty,
                modDt
        FROM invoiceschemedetails
            WHERE   CmpCode = :cmpCode
                AND modDt &gt; :lastSyncTime
                AND UploadFlag = 'N'
                AND OrderNo in (:orderNo) LIMIT :limit
    </query>
    <query name = "FETCH_INVOICE_SCHEME_PRODDETAILS">
        SELECT  CmpCode,
                DistrCode,
                OrderNo,
                SchemeCode,
                SlabNo,
                ProdCode,
                DiscPerc,
                DiscAmt,
                modDt
        FROM invoiceschemeproductrule
            WHERE   CmpCode = :cmpCode
                AND modDt &gt; :lastSyncTime
                AND UploadFlag = 'N' LIMIT :limit
    </query>
    <query name = "FETCH_STOCK_LOADING_HEADER">
        SELECT  sc.CmpCode,
                sc.DistrCode,
                sc.DistrSalesmanCode,
                sc.stockNo,
                sc.Latitude,
                sc.Longitude,
                sc.StartTime,
                sc.EndTime,
                sc.stockDt,
                sc.UploadFlag,
                sc.ModDt
        FROM stockloadingheader sc
            WHERE   sc.CmpCode = :cmpCode
                AND sc.modDt &gt; :lastSyncTime
                AND sc.UploadFlag = 'N' LIMIT :limit
    </query>
    <query name = "FETCH_STOCK_LOADING_DETAILS">
        SELECT  sld.CmpCode,
                sld.DistrCode,
                sld.stockNo,
                sld.ProdCode,
                sld.ProdName,
                sld.ProdBatchCode,
                sld.UomCode,
                sld.LoadQty,
                sld.SalesQty,
                sld.AvailableQty,
                sld.UploadFlag,
                sld.SellPrice,
                sld.ModDt,
                sld.editedQty,
                sld.SaleableSalesReturnQty
        FROM stockloadingdetails sld
            WHERE   sld.CmpCode = :cmpCode
                AND sld.modDt &gt; :lastSyncTime
                AND sld.UploadFlag = 'N' LIMIT :limit
    </query>
    <query name = "FETCH_WORXOGOSALES">
        SELECT  DistrSalesmanName   AS User_Name,
                SMUniqueCode        AS User_Code,
                mtdlinesold         AS MTD_no_of_lines_sold,
                dailylinesold       AS Daily_lines_sold,
                mtdbillcut          AS MTD_no_of_bill_cuts,
                dailybillcut        AS Daily_bill_cuts,
                mtdrevenue          AS MTD_revenue,
                mtdfocusprdrevenue  AS MTD_focus_product_sales_revenue,
                mtdoutlstvisit      AS MTD_stores_visited,
                dailyoutlstvisit    AS Daily_stores_visited,
                dailyred            AS Daily_RED,
                mtmextrakpiach1     AS MTD_EXTRA_KPI_1_ACH,
                mtmextrakpiach2     AS MTD_EXTRA_KPI_2_ACH,
                mtmextrakpiach3     AS MTD_EXTRA_KPI_3_ACH,
                mtmextrakpiach4     AS MTD_EXTRA_KPI_4_ACH,
                mtmextrakpiach5     AS MTD_EXTRA_KPI_5_ACH,
                cutdate             AS CUT_DATE
        FROM worxogosales
            WHERE   CmpCode = :cmpCode
                AND modDt &gt; :lastSyncTime LIMIT :limit
    </query>
    <query name = "FETCH_ORDER_BOOKING_HEADER">
        SELECT  ob1.CmpCode,
                ob1.DistrCode,
                ob1.OrderNo,
                ob1.SfaOrderNo,
                ob1.DistrSalesmanCode,
                ob1.RouteCode,
                ob1.CustomerCode,
                ob1.OrderDt,
                ob1.Remarks,
                ob1.Latitude,
                ob1.Longitude,
                ob1.StartTime,
                ob1.EndTime,
                ob1.Digitalsignature,
                ob1.UploadFlag,
                ob1.ModDt,
                ob1.customerShipCode,
                ob1.newCustomerFlag
        FROM orderbookingheader ob1
            WHERE   ob1.CmpCode = :cmpCode
                AND ob1.modDt &gt; :lastSyncTime
                AND ob1.others = 'N' LIMIT :limit
    </query>
    <query name = "FETCH_ORDER_BOOKING_DETAILS">
        SELECT 		od1.CmpCode,
                    od1.DistrCode,
                    od1.OrderNo,
                    od1.SfaOrderNo,
                    od1.ProdCode,
                    od1.ProdBatchCode,
                    od1.OrderQty,
                    od1.UomCode,
                    od1.UploadFlag,
                    od1.ModDt,
                    od1.OrderValue,
                    od1.inputStr,
                    od1.orderFocQty,
                    od1.orderFocQtyInputStr
        FROM orderbookingdetails od1
        INNER JOIN orderbookingheader odh
                ON 	od1.cmpCode = odh.cmpCode
                AND od1.DistrCode = odh.distrCode
                AND od1.OrderNo  = odh.OrderNo
                AND od1.newCustomerFlag = odh.newCustomerFlag
        WHERE 	od1.cmpCode = :cmpCode
            AND odh.newCustomerFlag = 'Y'
            AND odh.Others = 'N'
            AND od1.modDt &gt; :lastSyncTime
    </query>
    <query name = "FETCH_TEMP_ROUTE">
        SELECT  cmpCode,
                distrCode,
                distrSalesmanCode,
                routeCode,
                routeName,
                CreatedDt
        FROM temproute
            WHERE   CmpCode = :cmpCode
                AND modDt &gt; :lastSyncTime
                AND UploadFlag='N' LIMIT :limit
    </query>
    <query name = "FETCH_EDGEBADGES">
        SELECT  cmpCode,
                distrCode,
                distrSalesmanCode,
                badgeDate,
                badgeEarned,
                slabValue,
                earnedPayout,
                badgeType,
                noOfBadges
        FROM EdgeBadges
            WHERE   CmpCode = :cmpCode
                AND modDt &gt; :lastSyncTime
                AND UploadFlag='N' LIMIT :limit
    </query>
    <query name  = "FETCH_SUB_STOCKIEST">
        Select  CmpCode,
                DistrCode,
                CustomerCode,
                DistrSalesmanCode,
                RouteCode,
                CustomerName,
                CreatedDt,
                Address,
                City,
                State,
                MobileNumber,
                PhoneNumber,
                ChannelCode,
                SubChannelCode,
                GroupCode,
                ClassCode,
                Latitude,
                Longitude,
                ImagePath,
                ContactPerson,
                PostalCode,
                RetailerType,
                PanNo,
                GSTTinNo,
                UploadFlag,
                ModDt,
                ChannelName,
                SubChannelName,
                GroupName,
                ClassName,
                cmpCustomerCode
        FROM substockiest
            WHERE   CmpCode = :cmpCode
                AND modDt &gt; :lastSyncTime
                AND UploadFlag='N' LIMIT :limit
    </query>
    <query name = "FETCH_SUB_STOCKIEST_FORM">
        SELECT  CmpCode,
                DistrCode,
                DistrSalesmanCode,
                RouteCode,
                CustomerCode,
                RefCode,
                RefDt,
                formDesc,
                label,
                answer,
                ModDt
        FROM customerform
            WHERE   CmpCode = :cmpCode
                AND modDt &gt; :lastSyncTime
                AND UploadFlag='N' LIMIT :limit
    </query>
    <query name = "FETCH_NO_SALESREASON">
        SELECT  CmpCode,
                DistrCode,
                DistrSalesmanCode,
                RouteCode,
                CustomerCode,
                VisitDt,
                Latitude,
                Longitude,
                Type,
                Reason
        FROM novisitreason
            WHERE   CmpCode = :cmpCode
                AND modDt &gt; :lastSyncTime
                AND UploadFlag='N' LIMIT :limit
    </query>
    <query name = "FETCH_SALESMANSELFIE">
        SELECT  CmpCode,
                DistrCode,
                DistrSalesmanCode,
                createdDt,
                imageId,
                imagePath,
                Latitude,
                Longitude
        FROM salesmanselfie
            WHERE   CmpCode = :cmpCode
                AND UploadFlag='N'
                AND modDt &gt; :lastSyncTime LIMIT :limit
    </query>
    <query name = "FETCH_CUSTOMERTARGET">
        SELECT  CmpCode,
                DistrCode,
                DistrSalesmanCode,
                CustomerCode,
                FromValidDt,
                ToValidDt,
                UomCode,
                TargetValue,
                AchviedValue
        FROM customerenrollment
            WHERE   CmpCode = :cmpCode
                AND modDt &gt; :lastSyncTime
                AND UploadFlag='N' LIMIT :limit
    </query>
    <query name = "FETCH_ACTIVITYTRACKER">
        SELECT  at.CmpCode,
                at.DistrCode,
                at.DistrSalesmanCode,
                at.RouteCode,
                at.CustomerCode,
                at.ActivityCode,
                at.ActivityDescription,
                at.answer,
                at.transDate,
                at.Latitude,
                at.Longitude,
                at.ImagePath,
                at.ApprovalStatus,
                at.UploadFlag,
                at.ModDt
        FROM activitytracker at
            WHERE   at.CmpCode = :cmpCode
                AND modDt &gt; :lastSyncTime
                AND at.UploadFlag = 'N'
                AND at.ApprovalStatus='A' LIMIT :limit
    </query>
    <query name = "FETCH_OTHERACTIVITY">
        SELECT  at.CmpCode,
                at.DistrCode,
                at.DistrSalesmanCode,
                at.RouteCode,
                at.CustomerCode,
                at.ActivityCode,
                at.ActivityDescription,
                at.answer,
                at.transDate,
                at.Latitude,
                at.Longitude,
                at.ImagePath,
                at.ApprovalStatus,
                at.UploadFlag,
                at.ModDt
        FROM activitytracker at
            INNER JOIN activityblocker ab
                    ON  at.cmpCode=ab.cmpCode
                    AND at.ActivityDescription=ab.ActivityDescription
        WHERE   at.CmpCode = :cmpCode
            AND at.modDt &gt; :lastSyncTime
            AND at.OtherFlag = 'N' LIMIT :limit
    </query>
    <query name = "FETCH_OPENINGSTOCK">
        SELECT  CmpCode,
                DistrCode,
                TransDate,
                ProdCode,
                ProdName,
                OpeningStkSalableQty,
                OpeningStkSalableQtyInput,
                OpeningStkUnSalableQty,
                OpeningStkUnSalableQtyInput,
                OpeningStkOfferQty,
                OpeningStkOfferQtyInput,
                ReportGenerated
        FROM openingstock
            WHERE   CmpCode = :cmpCode
                AND modDt &gt; :lastSyncTime
                AND UploadFlag = 'N' LIMIT :limit
    </query>
    <query name = "FETCH_PURCHASEINVOICE">
        SELECT  CmpCode,
                DistrCode,
                InvoiceNo,
                GrnNo,
                InvoiceDt,
                GrnDt,
                ProdCode,
                ProdName,
                ProdBatchCode,
                PurPrice,
                Mrp,
                InvoiceQty,
                ReceivedQty,
                UomCode,
                totalLineLevelValue,
                GrnStatus,
                UploadFlag,
                ReportGenerated,
                dashboardflag
        FROM purchaseinvoice
            WHERE   CmpCode = :cmpCode
                AND modDt &gt; :lastSyncTime
                AND GrnNo IS NULL
                AND GrnStatus = 'N'
                AND UploadFlag = 'N' LIMIT :limit
    </query>
    <query name = "FETCH_CLOSINGSTOCK">
        SELECT  CmpCode,
                DistrCode,
                TransDate,
                ProdCode,
                ProdName,
                ClosingStkSalableQty,
                ClosingStkSalableQtyInput,
                ClosingStkUnSalableQty,
                ClosingStkUnSalableQtyInput,
                ClosingStkOfferQty,
                ClosingStkOfferQtyInput,
                ReportGenerated
        FROM closingstock
        WHERE Cmpcode = :cmpCode
        AND modDt &gt; :lastSyncTime
        AND UploadFlag = 'N' LIMIT :limit
    </query>
    <query name = "FETCH_ATTENDANCE">
        SELECT  a.CmpCode,
                a.UserCode,
                a.UserName,
                a.DistrCode,
                a.SalesmanCode,
                a.ReasonCode,
                a.Remarks,
                a.attendanceType,
                a.StartTime,
                a.EndTime,
                a.attDate,
                a.atttype,
                a.DistrLatitude,
                a.DistrLongitude,
                a.Distance,
                a.Latitude,
                a.Longitude,
                a.Address,
                a.UploadFlag,
                a.ModDt
        FROM attendance a
            WHERE   a.CmpCode = :cmpCode
                AND a.modDt &gt; :lastSyncTime
                AND a.UploadFlag = 'N' LIMIT :limit
    </query>
    <query name = "FETCH_REPORT_INVOICE_HEADER">
        SELECT  rih.CmpCode,
                rih.DistrCode,
                rih.InvoiceNumber,
                rih.CustomerCode,
                rih.SalesmanCode,
                rih.RouteCode,
                rih.InvoiceDt,
                rih.TotGrossAmt,
                rih.TotAdditions,
                rih.TotDeductions,
                rih.TotTaxAmt,
                rih.TotNetAmt,
                rih.BalanceOS,
                rih.CollectionStatus,
                rih.SalesReturnStatus,
                rih.UploadFlag,
                rih.SSFAFlag,
                rih.ModDt,
                rih.InvoicePattern,
                rih.InvoiceStatus
        FROM rpt_invoice_header rih
        WHERE   rih.CmpCode = :cmpCode
            AND rih.modDt &gt; :lastSyncTime LIMIT :limit
    </query>
    <query name = "FETCH_REPORT_INVOICE_DETAILS">
        SELECT  rid.CmpCode,
                rid.DistrCode,
                rid.InvoiceNumber,
                rid.ProdCode,
                rid.ProdBatchCode,
                rid.StockType,
                rid.ProdName,
                rid.TotalOrdQty,
                rid.InvoiceQty,
                rid.FreeQty,
                rid.MRP,
                rid.ReturnQty,
                rid.SellRate,
                rid.ActualSellRate,
                rid.GrossAmt,
                rid.TaxAmt,
                rid.SplDiscAmt,
                rid.NetAmt,
                rid.UploadFlag,
                rid.ModDt
        FROM rpt_invoice_details rid
        WHERE   rid.CmpCode = :cmpCode
            AND rid.modDt &gt; :lastSyncTime
    </query>
</queries>
