<?xml version="1.0" encoding="UTF-8"?>
<queries>
    <query name="FETCH_WIDGET_CONFIGURATION">
        SELECT DISTINCT
        wm.CmpCode                                    AS cmpCode,
        COALESCE(wc.IsEnabled, 'Y')                   AS isEnabled,
        COALESCE(wc.SequenceNo, '0')                  AS sequenceNo,
        COALESCE(wc.WidgetCode, wm.WidgetCode)        AS widgetCode,
        wm.widgetDescription                          AS widgetDescription,
        wc.GroupCode                                  AS groupCode
        FROM widgetmaster wm
            LEFT JOIN
                widgetconfiguration wc ON wc.CmpCode = wm.CmpCode
                AND wc.WidgetCode = wm.WidgetCode
            INNER JOIN
                sfauser sf ON sf.CmpCode = wm.CmpCode
                AND sf.UserGroup = wc.GroupCode
            WHERE wc.CmpCode = :cmpCode
                AND sf.UserGroup = :userGroup
    </query>
    <query name="INSERT_ENABLE_WIDGET_CONFIGURATION">
        INSERT INTO widgetconfiguration (CmpCode,
        WidgetCode,
        GroupCode,
        IsEnabled,
        SequenceNo,
        ModDt,
        UploadFlag)
        VALUES
        (:cmpCode,
        :widgetCode,
        :groupCode,
        :isEnabled,
        '0',
        NOW(),
        'N')
        ON DUPLICATE KEY UPDATE
        IsEnabled = :isEnabled, modDt=now()
    </query>
    <query name="FETCH_WIDGET_LIST_CONFIGURATION">
        SELECT
        wm.CmpCode AS cmpCode,
        wm.WidgetCode As widgetCode,
        wm.widgetDescription AS widgetDescription,
        wc.GroupCode AS groupCode,
        COALESCE(wc.IsEnabled, 'N') AS isEnabled,
        COALESCE(wc.SequenceNo, '0') AS sequenceNo
        FROM
        widgetmaster wm
        LEFT JOIN
        widgetconfiguration wc ON wc.CmpCode = wm.CmpCode
        AND wc.WidgetCode = wm.WidgetCode
        AND wc.groupCode = :param1
        WHERE
        wm.CmpCode = :param2
        ORDER BY
        wc.sequenceNo
    </query>
    <query name="FETCH_WIDGET">
        SELECT wm.CmpCode AS cmpCode,
        COALESCE(wc.IsEnabled,'N') AS isEnabled,
        COALESCE(wc.SequenceNo,'0') AS sequenceNo,
        COALESCE(wc.WidgetCode,wm.WidgetCode) AS widgetCode,
        wm.widgetDescription AS widgetDescription,
        wc.GroupCode AS groupCode
        FROM
        widgetmaster wm
        LEFT JOIN
        widgetconfiguration wc
        ON wc.CmpCode = wm.CmpCode
        AND wc.WidgetCode = wm.WidgetCode
    </query>
    <query name="FETCH_WIDGET_DUPLICATE">
        SELECT DISTINCT widgetCode from widgetmaster
    </query>
    <query name="UPDATE_WIDGET_SEQUENCE">
        update widgetconfiguration set sequenceNo=:sequenceNo where widgetCode = :widgetCode and groupCode=:groupCode
        </query>
</queries>
