<?xml version="1.0" encoding="UTF-8"?>
<queries>
    <query name="INSERT_WINDOW_DISPLAY_CONFIRMATION">
        INSERT INTO windowdisplayconfirmation (CmpCode,
                                               DistrCode,
                                               SchemeCode,
                                               CustomerCode,
                                               BudgetedValue,
                                               ApprovedValue,
                                               BudgetedStartDate,
                                               BudgetedEndDate,
                                               ApprovedStartDate,
                                               ApprovedEndDate,
                                               UploadFlag,
                                               ModDt)
        VALUES (:cmpCode,
                :distrCode,
                :schemeCode,
                :customerCode,
                :budgetedValue,
                :approvedValue,
                :budgetedStartDate,
                :budgetedEndDate,
                :approvedStartDate,
                :approvedEndDate,
                'N',
                NOW())
        ON DUPLICATE KEY UPDATE ApprovedValue     = VALUES(ApprovedValue),
                                ApprovedStartDate = VALUES(ApprovedStartDate)
                                ApprovedEndDate   = VALUES(ApprovedEndDate),
                                ModDt             = VALUES(ModDt)
    </query>
    <query name="INSERT_WINDOW_DISPLAY_CONFIRMATION_IMAGE">
        INSERT INTO windowdisplayconfirmationimage (CmpCode,
                                                    DistrCode,
                                                    SchemeCode,
                                                    CustomerCode,
                                                    ImageId,
                                                    ImagePath,
                                                    UploadFlag,
                                                    ModDt)
        VALUES (:cmpCode,
                :distrCode,
                :schemeCode,
                :customerCode,
                :imageId,
                :imagePath,
                'N',
                NOW())
        ON DUPLICATE KEY UPDATE ModDt = VALUES(ModDt)
    </query>
    <query name="INSERT_WINDOW_DISPLAY_ACTIVITY_IMAGE">
        INSERT INTO windowdisplayactivity (CmpCode,
                                           DistrCode,
                                           RefNo,
                                           ImageId,
                                           SchemeCode,
                                           CustomerCode,
                                           TransDate,
                                           ActivityTime,
                                           Latitude,
                                           Longitude,
                                           Remarks,
                                           ImagePath,
                                           UploadFlag,
                                           ModDt)
        VALUES (:cmpCode,
                :distrCode,
                :refNo,
                :imageId,
                :schemeCode,
                :customerCode,
                :transDate,
                :activityTime,
                :latitude,
                :longitude,
                :remarks,
                :imagePath,
                'N',
                NOW())
        ON DUPLICATE KEY UPDATE ModDt = VALUES(ModDt)
    </query>
    <query name="FETCH_WINDOW_DISPLAY_SCHEME">
        SELECT scb.CmpCode          AS cmpCode,
        scb.DistrCode        AS distrCode,
        scb.SchemeCode       AS schemeCode,
        sd.SchemeDescription AS schemeDescription,
        sd.SchemeBase        AS schemeBase,
        sd.SchemeFromDt      AS schemeFromDt,
        sd.SchemetoDt        AS schemeToDt,
        sd.PayOutType        AS payOutType,
        sd.Combi             AS combi,
        scb.CustomerCode     AS customerCode,
        scb.IsUnlimited      AS isUnlimited,
        scb.BudgetOs         AS budgetOs,
        scb.Budget           AS budget,
        scb.PayoutDate       AS payoutDate,
        scb.UtilizedAmt      AS utilizedAmt
        FROM schemecustomerbudget scb
        INNER JOIN schemedefinition sd
        ON scb.CmpCode = sd.CmpCode
        AND scb.DistrCode = sd.DistrCode
        AND scb.SchemeCode = sd.SchemeCode
        WHERE scb.CmpCode = :cmpCode
        AND scb.DistrCode = :distrCode
        AND :curDate BETWEEN sd.SchemeFromDt and sd.SchemeToDt
    </query>
    <query name="SELECT_WINDOW_DISPLAY_CONFIRMATION">
        SELECT sdc.CmpCode           AS cmpCode,
               sdc.DistrCode         AS distrCode,
               sdc.SchemeCode        AS schemeCode,
               sdc.CustomerCode      AS customerCode,
               sdc.BudgetedValue     AS budgetedValue,
               sdc.ApprovedValue     AS approvedValue,
               sdc.BudgetedStartDate AS budgetedStartDate,
               sdc.BudgetedEndDate   AS budgetedEndDate,
               sdc.ApprovedStartDate AS approvedStartDate,
               sdc.ApprovedEndDate   AS approvedEndDate
        FROM windowdisplayconfirmation sdc
        WHERE sdc.CmpCode = :cmpCode
          AND sdc.DistrCode = :distrCode
          AND sdc.SchemeCode = :schemeCode
          AND sdc.CustomerCode = :customerCode
    </query>
    <query name="SELECT_WINDOW_DISPLAY_CONFIRMATION_IMAGE">
        SELECT sdci.CmpCode      AS cmpCode,
               sdci.DistrCode    AS distrCode,
               sdci.SchemeCode   AS schemeCode,
               sdci.CustomerCode AS customerCode,
               sdci.ImageId      AS imageId,
               sdci.ImagePath    AS imagePath
        FROM windowdisplayconfirmationimage sdci
        WHERE sdci.CmpCode = :cmpCode
          AND sdci.DistrCode = :distrCode
          AND sdci.SchemeCode = :schemeCode
          AND sdci.CustomerCode = :customerCode
    </query>
    <query name="SELECT_WINDOW_DISPLAY_ACTIVITY">
        SELECT sda.CmpCode      AS cmpCode,
               sda.DistrCode    AS distrCode,
               sda.RefNo        AS refNo,
               sda.ImageId      AS imageId,
               sda.SchemeCode   AS schemeCode,
               sda.CustomerCode AS customerCode,
               sda.TransDate    AS transDate,
               sda.ActivityTime AS activityTime,
               sda.Latitude     AS latitude,
               sda.Longitude    AS longitude,
               sda.Remarks      AS remarks,
               sda.ImagePath    AS imagePath
        FROM windowdisplayactivity sda
        WHERE sda.CmpCode = :cmpCode
          AND sda.DistrCode = :distrCode
          AND sda.SchemeCode = :schemeCode
          AND sda.CustomerCode = :customerCode
    </query>
</queries>
