<?xml version="1.0" encoding="UTF-8"?>
<queries>
    <!-- REPORT COMPUTE SCRIPTS-->
	<query name="TRUNCATE_REPORT_COMPUTE_STORAGE">
        TRUNCATE TABLE report_compute_storage
    </query>

    <query name="SELECT_REPORT_COMPUTE_STORAGE_COUNT">
        SELECT COUNT(JsonKey)
        FROM report_compute_storage
        WHERE CmpCode = ?
        AND ProcessCode = ?
    </query>

    <query name="SELECT_REPORT_COMPUTE_STORAGE">
        SELECT JsonKey,
        JsonValue
        FROM report_compute_storage
        WHERE CmpCode = ?
        AND ProcessCode = ?
    </query>
    <query name="REPORT_COMPUTE_PENDINGORDER_CMP">
        CALL aurora_report_compute_pending_order_cmp(:cmpCode, :processType)
    </query>

    <query name="REPORT_COMPUTE_PENDINGBILLS_CMP">
        CALL aurora_report_compute_pending_bills_cmp(:cmpCode, :processType)
    </query>

    <query name="REPORT_COMPUTE_DELIVEREDBILLS_CMP">
        CALL aurora_report_compute_delivered_bills_cmp(:cmpCode, :processType)
    </query>

    <query name="REPORT_COMPUTE_CANCELLEDBILLS_CMP">
        CALL aurora_report_compute_cancelled_bills_cmp(:cmpCode, :processType)
    </query>

    <query name="REPORT_COMPUTE_RETAILERMTDTOPSKU_CMP">
        CALL aurora_report_compute_retailer_top_sku_cmp(:cmpCode, :processType)
    </query>
    <query name="REPORT_COMPUTE_RETAILERMTDLPC_CMP">
        CALL aurora_report_compute_retailer_mtd_lpc_cmp(:cmpCode, :processType)
    </query>

    <query name="REPORT_COMPUTE_RETAILERPRODUCTLPC">
        CALL aurora_report_compute_retailer_product_lpc(:cmpCode, :processType)
    </query>

    <query name="REPORT_COMPUTE_TRENDMONTHSALES_CMP">
        CALL aurora_report_compute_trend_month_sales_cmp(:cmpCode, :processType)
    </query>

    <query name="REPORT_COMPUTE_RETAILERDASHBOARD_CMP">
        CALL aurora_report_compute_retailer_dashboard_cmp(:cmpCode, :processType)
    </query>

    <query name="REPORT_COMPUTE_BILLEDOUTLET_CMP">
        CALL aurora_report_compute_billed_outlet_cmp(:cmpCode, :processType)
    </query>

    <query name="REPORT_COMPUTE_SCHEMEUTILIZATION">
        CALL aurora_report_compute_scheme_utilization(:cmpCode, :processType)
    </query>

    <query name="REPORT_COMPUTE_LASTUNBILLEDOUTLET_CMP">
        CALL aurora_report_compute_un_billed_outlet_cmp(:cmpCode, :processType)
    </query>

    <query name="REPORT_COMPUTE_TARGET_VS_ACHIEVEMENT">
        CALL report_compute_retailer_wise_brand_target_vs_Achivement(:cmpCode, :processType)
    </query>
</queries>
